
lab7.elf:     file format elf32-littlearm

Sections:
Idx Name          Size      VMA       LMA       File off  Algn
  0 .text         000020ec  0c100000  0c100000  00008000  2**2
                  CONTENTS, ALLOC, LOAD, READONLY, CODE
  1 .rodata       000010a4  0c1020ec  0c1020ec  0000a0ec  2**2
                  CONTENTS, ALLOC, LOAD, READONLY, DATA
  2 .bss          00009638  0c103190  0c103190  0000b190  2**2
                  ALLOC
  3 .debug_abbrev 000003d5  00000000  00000000  0000b190  2**0
                  CONTENTS, READONLY, DEBUGGING
  4 .debug_info   00000e5f  00000000  00000000  0000b565  2**0
                  CONTENTS, READONLY, DEBUGGING
  5 .debug_line   0000058f  00000000  00000000  0000c3c4  2**0
                  CONTENTS, READONLY, DEBUGGING
  6 .debug_macinfo 0001529f  00000000  00000000  0000c953  2**0
                  CONTENTS, READONLY, DEBUGGING
  7 .debug_loc    00000ad4  00000000  00000000  00021bf2  2**0
                  CONTENTS, READONLY, DEBUGGING
  8 .debug_pubnames 00000487  00000000  00000000  000226c6  2**0
                  CONTENTS, READONLY, DEBUGGING
  9 .debug_pubtypes 000000cd  00000000  00000000  00022b4d  2**0
                  CONTENTS, READONLY, DEBUGGING
 10 .debug_aranges 00000080  00000000  00000000  00022c1a  2**0
                  CONTENTS, READONLY, DEBUGGING
 11 .debug_str    00000528  00000000  00000000  00022c9a  2**0
                  CONTENTS, READONLY, DEBUGGING
 12 .comment      0000002a  00000000  00000000  000231c2  2**0
                  CONTENTS, READONLY
 13 .ARM.attributes 00000032  00000000  00000000  000231ec  2**0
                  CONTENTS, READONLY
 14 .debug_frame  000009a0  00000000  00000000  00023220  2**2
                  CONTENTS, READONLY, DEBUGGING

Disassembly of section .text:

0c100000 <main>:
#define MAPA       ((uint8 *)0x0c270000)

void one_second_loop( void );

void main( void )
{
 c100000:	e1a0c00d 	mov	ip, sp
 c100004:	e92dd800 	push	{fp, ip, lr, pc}
 c100008:	e24cb004 	sub	fp, ip, #4
 c10000c:	e24ddb4b 	sub	sp, sp, #76800	; 0x12c00
 c100010:	e24dd010 	sub	sp, sp, #16
    uint16 x, y;
    uint8 backup[LCD_WIDTH*LCD_HEIGHT], *p;
    
    sys_init();
 c100014:	eb0004a5 	bl	c1012b0 <sys_init>
    lcd_init();
 c100018:	eb0000bd 	bl	c100314 <lcd_init>
    
    lcd_clear();
 c10001c:	eb000145 	bl	c100538 <lcd_clear>
    lcd_on();
 c100020:	eb00011c 	bl	c100498 <lcd_on>
    
    while( 1 )
    {
        /************************************/

        lcd_draw_box( 10, 10, 310, 230, BLACK, 5 );
 c100024:	e3a0300f 	mov	r3, #15
 c100028:	e58d3000 	str	r3, [sp]
 c10002c:	e3a03005 	mov	r3, #5
 c100030:	e58d3004 	str	r3, [sp, #4]
 c100034:	e3a0000a 	mov	r0, #10
 c100038:	e3a0100a 	mov	r1, #10
 c10003c:	e59f2248 	ldr	r2, [pc, #584]	; c10028c <main+0x28c>
 c100040:	e3a030e6 	mov	r3, #230	; 0xe6
 c100044:	eb0001fe 	bl	c100844 <lcd_draw_box>

        /************************************/

        lcd_puts( 20, 16, BLACK, "ABCDEFGHIJKLMNÑOPQRSTUVWXYZ" );
 c100048:	e3a00014 	mov	r0, #20
 c10004c:	e3a01010 	mov	r1, #16
 c100050:	e3a0200f 	mov	r2, #15
 c100054:	e59f3234 	ldr	r3, [pc, #564]	; c100290 <main+0x290>
 c100058:	eb000264 	bl	c1009f0 <lcd_puts>
        lcd_puts( 20, 32, BLACK, "abcdefghijklmnñopqrstuvwxyz" );
 c10005c:	e3a00014 	mov	r0, #20
 c100060:	e3a01020 	mov	r1, #32
 c100064:	e3a0200f 	mov	r2, #15
 c100068:	e59f3224 	ldr	r3, [pc, #548]	; c100294 <main+0x294>
 c10006c:	eb00025f 	bl	c1009f0 <lcd_puts>
        lcd_puts( 20, 48, BLACK, "0123456789!$%&/()=^*+{}-.,;: " );
 c100070:	e3a00014 	mov	r0, #20
 c100074:	e3a01030 	mov	r1, #48	; 0x30
 c100078:	e3a0200f 	mov	r2, #15
 c10007c:	e59f3214 	ldr	r3, [pc, #532]	; c100298 <main+0x298>
 c100080:	eb00025a 	bl	c1009f0 <lcd_puts>
        lcd_putint( 20, 64, BLACK, 1234567890 );
 c100084:	e3a00014 	mov	r0, #20
 c100088:	e3a01040 	mov	r1, #64	; 0x40
 c10008c:	e3a0200f 	mov	r2, #15
 c100090:	e59f3204 	ldr	r3, [pc, #516]	; c10029c <main+0x29c>
 c100094:	eb00027e 	bl	c100a94 <lcd_putint>
        lcd_puthex( 108, 64, BLACK, 0xabcdef );
 c100098:	e3a0006c 	mov	r0, #108	; 0x6c
 c10009c:	e3a01040 	mov	r1, #64	; 0x40
 c1000a0:	e3a0200f 	mov	r2, #15
 c1000a4:	e59f31f4 	ldr	r3, [pc, #500]	; c1002a0 <main+0x2a0>
 c1000a8:	eb0002d8 	bl	c100c10 <lcd_puthex>

        /************************************/

        lcd_puts_x2( 20, 80, BLACK, "ABCDEFGHIJKLMNÑOP" );
 c1000ac:	e3a00014 	mov	r0, #20
 c1000b0:	e3a01050 	mov	r1, #80	; 0x50
 c1000b4:	e3a0200f 	mov	r2, #15
 c1000b8:	e59f31e4 	ldr	r3, [pc, #484]	; c1002a4 <main+0x2a4>
 c1000bc:	eb000364 	bl	c100e54 <lcd_puts_x2>
        lcd_puts_x2( 20, 112, BLACK, "abcdefghijklmnñop" );
 c1000c0:	e3a00014 	mov	r0, #20
 c1000c4:	e3a01070 	mov	r1, #112	; 0x70
 c1000c8:	e3a0200f 	mov	r2, #15
 c1000cc:	e59f31d4 	ldr	r3, [pc, #468]	; c1002a8 <main+0x2a8>
 c1000d0:	eb00035f 	bl	c100e54 <lcd_puts_x2>
        lcd_puts_x2( 20, 144, BLACK, "0123456789!$%&/()" );
 c1000d4:	e3a00014 	mov	r0, #20
 c1000d8:	e3a01090 	mov	r1, #144	; 0x90
 c1000dc:	e3a0200f 	mov	r2, #15
 c1000e0:	e59f31c4 	ldr	r3, [pc, #452]	; c1002ac <main+0x2ac>
 c1000e4:	eb00035a 	bl	c100e54 <lcd_puts_x2>
        lcd_putint_x2( 20, 176, BLACK, 1234567890 );
 c1000e8:	e3a00014 	mov	r0, #20
 c1000ec:	e3a010b0 	mov	r1, #176	; 0xb0
 c1000f0:	e3a0200f 	mov	r2, #15
 c1000f4:	e59f31a0 	ldr	r3, [pc, #416]	; c10029c <main+0x29c>
 c1000f8:	eb00037e 	bl	c100ef8 <lcd_putint_x2>
        lcd_puthex_x2( 196, 176, BLACK, 0xabcdef );
 c1000fc:	e3a000c4 	mov	r0, #196	; 0xc4
 c100100:	e3a010b0 	mov	r1, #176	; 0xb0
 c100104:	e3a0200f 	mov	r2, #15
 c100108:	e59f3190 	ldr	r3, [pc, #400]	; c1002a0 <main+0x2a0>
 c10010c:	eb0003d8 	bl	c101074 <lcd_puthex_x2>

        /************************************/

        one_second_loop();
 c100110:	eb00006e 	bl	c1002d0 <one_second_loop>

        p = backup;
 c100114:	e24b3b4b 	sub	r3, fp, #76800	; 0x12c00
 c100118:	e243300c 	sub	r3, r3, #12
 c10011c:	e2433008 	sub	r3, r3, #8
 c100120:	e50b3014 	str	r3, [fp, #-20]	; 0xffffffec
        for( x=0; x<LCD_WIDTH; x++ )
 c100124:	e3a03000 	mov	r3, #0
 c100128:	e14b30be 	strh	r3, [fp, #-14]
 c10012c:	ea000017 	b	c100190 <main+0x190>
            for( y=0; y<LCD_HEIGHT; y++, p++ )
 c100130:	e3a03000 	mov	r3, #0
 c100134:	e14b31b0 	strh	r3, [fp, #-16]
 c100138:	ea00000e 	b	c100178 <main+0x178>
                *p = lcd_getpixel( x, y );
 c10013c:	e15b20be 	ldrh	r2, [fp, #-14]
 c100140:	e15b31b0 	ldrh	r3, [fp, #-16]
 c100144:	e1a00002 	mov	r0, r2
 c100148:	e1a01003 	mov	r1, r3
 c10014c:	eb000145 	bl	c100668 <lcd_getpixel>
 c100150:	e1a03000 	mov	r3, r0
 c100154:	e1a02003 	mov	r2, r3
 c100158:	e51b3014 	ldr	r3, [fp, #-20]	; 0xffffffec
 c10015c:	e5c32000 	strb	r2, [r3]

        one_second_loop();

        p = backup;
        for( x=0; x<LCD_WIDTH; x++ )
            for( y=0; y<LCD_HEIGHT; y++, p++ )
 c100160:	e15b31b0 	ldrh	r3, [fp, #-16]
 c100164:	e2833001 	add	r3, r3, #1
 c100168:	e14b31b0 	strh	r3, [fp, #-16]
 c10016c:	e51b3014 	ldr	r3, [fp, #-20]	; 0xffffffec
 c100170:	e2833001 	add	r3, r3, #1
 c100174:	e50b3014 	str	r3, [fp, #-20]	; 0xffffffec
 c100178:	e15b31b0 	ldrh	r3, [fp, #-16]
 c10017c:	e35300ef 	cmp	r3, #239	; 0xef
 c100180:	9affffed 	bls	c10013c <main+0x13c>
        /************************************/

        one_second_loop();

        p = backup;
        for( x=0; x<LCD_WIDTH; x++ )
 c100184:	e15b30be 	ldrh	r3, [fp, #-14]
 c100188:	e2833001 	add	r3, r3, #1
 c10018c:	e14b30be 	strh	r3, [fp, #-14]
 c100190:	e15b20be 	ldrh	r2, [fp, #-14]
 c100194:	e59f3114 	ldr	r3, [pc, #276]	; c1002b0 <main+0x2b0>
 c100198:	e1520003 	cmp	r2, r3
 c10019c:	9affffe3 	bls	c100130 <main+0x130>
            for( y=0; y<LCD_HEIGHT; y++, p++ )
                *p = lcd_getpixel( x, y );

        lcd_clear();
 c1001a0:	eb0000e4 	bl	c100538 <lcd_clear>

        p = backup;
 c1001a4:	e24b3b4b 	sub	r3, fp, #76800	; 0x12c00
 c1001a8:	e243300c 	sub	r3, r3, #12
 c1001ac:	e2433008 	sub	r3, r3, #8
 c1001b0:	e50b3014 	str	r3, [fp, #-20]	; 0xffffffec
        for( x=0; x<LCD_WIDTH; x++ )
 c1001b4:	e3a03000 	mov	r3, #0
 c1001b8:	e14b30be 	strh	r3, [fp, #-14]
 c1001bc:	ea000016 	b	c10021c <main+0x21c>
            for( y=0; y<LCD_HEIGHT; y++, p++ )
 c1001c0:	e3a03000 	mov	r3, #0
 c1001c4:	e14b31b0 	strh	r3, [fp, #-16]
 c1001c8:	ea00000d 	b	c100204 <main+0x204>
                lcd_putpixel( x, y, *p );
 c1001cc:	e51b3014 	ldr	r3, [fp, #-20]	; 0xffffffec
 c1001d0:	e5d33000 	ldrb	r3, [r3]
 c1001d4:	e15b10be 	ldrh	r1, [fp, #-14]
 c1001d8:	e15b21b0 	ldrh	r2, [fp, #-16]
 c1001dc:	e1a00001 	mov	r0, r1
 c1001e0:	e1a01002 	mov	r1, r2
 c1001e4:	e1a02003 	mov	r2, r3
 c1001e8:	eb0000e3 	bl	c10057c <lcd_putpixel>

        lcd_clear();

        p = backup;
        for( x=0; x<LCD_WIDTH; x++ )
            for( y=0; y<LCD_HEIGHT; y++, p++ )
 c1001ec:	e15b31b0 	ldrh	r3, [fp, #-16]
 c1001f0:	e2833001 	add	r3, r3, #1
 c1001f4:	e14b31b0 	strh	r3, [fp, #-16]
 c1001f8:	e51b3014 	ldr	r3, [fp, #-20]	; 0xffffffec
 c1001fc:	e2833001 	add	r3, r3, #1
 c100200:	e50b3014 	str	r3, [fp, #-20]	; 0xffffffec
 c100204:	e15b31b0 	ldrh	r3, [fp, #-16]
 c100208:	e35300ef 	cmp	r3, #239	; 0xef
 c10020c:	9affffee 	bls	c1001cc <main+0x1cc>
                *p = lcd_getpixel( x, y );

        lcd_clear();

        p = backup;
        for( x=0; x<LCD_WIDTH; x++ )
 c100210:	e15b30be 	ldrh	r3, [fp, #-14]
 c100214:	e2833001 	add	r3, r3, #1
 c100218:	e14b30be 	strh	r3, [fp, #-14]
 c10021c:	e15b20be 	ldrh	r2, [fp, #-14]
 c100220:	e59f3088 	ldr	r3, [pc, #136]	; c1002b0 <main+0x2b0>
 c100224:	e1520003 	cmp	r2, r3
 c100228:	9affffe4 	bls	c1001c0 <main+0x1c0>
            for( y=0; y<LCD_HEIGHT; y++, p++ )
                lcd_putpixel( x, y, *p );
            
        /************************************/

        one_second_loop();
 c10022c:	eb000027 	bl	c1002d0 <one_second_loop>
        lcd_putWallpaper( ARBOL );
 c100230:	e59f007c 	ldr	r0, [pc, #124]	; c1002b4 <main+0x2b4>
 c100234:	eb0003c6 	bl	c101154 <lcd_putWallpaper>
        one_second_loop();
 c100238:	eb000024 	bl	c1002d0 <one_second_loop>
        lcd_putWallpaper( PADRINO );
 c10023c:	e59f0074 	ldr	r0, [pc, #116]	; c1002b8 <main+0x2b8>
 c100240:	eb0003c3 	bl	c101154 <lcd_putWallpaper>
        one_second_loop();
 c100244:	eb000021 	bl	c1002d0 <one_second_loop>
        lcd_putWallpaper( PICACHU );
 c100248:	e59f006c 	ldr	r0, [pc, #108]	; c1002bc <main+0x2bc>
 c10024c:	eb0003c0 	bl	c101154 <lcd_putWallpaper>
        one_second_loop();
 c100250:	eb00001e 	bl	c1002d0 <one_second_loop>
        lcd_putWallpaper( HARRY );
 c100254:	e59f0064 	ldr	r0, [pc, #100]	; c1002c0 <main+0x2c0>
 c100258:	eb0003bd 	bl	c101154 <lcd_putWallpaper>
        one_second_loop();
 c10025c:	eb00001b 	bl	c1002d0 <one_second_loop>
        lcd_putWallpaper( CHAPLIN );
 c100260:	e59f005c 	ldr	r0, [pc, #92]	; c1002c4 <main+0x2c4>
 c100264:	eb0003ba 	bl	c101154 <lcd_putWallpaper>
        one_second_loop();
 c100268:	eb000018 	bl	c1002d0 <one_second_loop>
        lcd_putWallpaper( PULP );
 c10026c:	e59f0054 	ldr	r0, [pc, #84]	; c1002c8 <main+0x2c8>
 c100270:	eb0003b7 	bl	c101154 <lcd_putWallpaper>
        one_second_loop();
 c100274:	eb000015 	bl	c1002d0 <one_second_loop>
        lcd_putWallpaper( MAPA );
 c100278:	e59f004c 	ldr	r0, [pc, #76]	; c1002cc <main+0x2cc>
 c10027c:	eb0003b4 	bl	c101154 <lcd_putWallpaper>

        /************************************/

        one_second_loop();
 c100280:	eb000012 	bl	c1002d0 <one_second_loop>
        lcd_clear();
 c100284:	eb0000ab 	bl	c100538 <lcd_clear>
    }
 c100288:	eaffff65 	b	c100024 <main+0x24>
 c10028c:	00000136 	.word	0x00000136
 c100290:	0c1020ec 	.word	0x0c1020ec
 c100294:	0c102108 	.word	0x0c102108
 c100298:	0c102124 	.word	0x0c102124
 c10029c:	499602d2 	.word	0x499602d2
 c1002a0:	00abcdef 	.word	0x00abcdef
 c1002a4:	0c102144 	.word	0x0c102144
 c1002a8:	0c102158 	.word	0x0c102158
 c1002ac:	0c10216c 	.word	0x0c10216c
 c1002b0:	0000013f 	.word	0x0000013f
 c1002b4:	0c210000 	.word	0x0c210000
 c1002b8:	0c220000 	.word	0x0c220000
 c1002bc:	0c230000 	.word	0x0c230000
 c1002c0:	0c240000 	.word	0x0c240000
 c1002c4:	0c250000 	.word	0x0c250000
 c1002c8:	0c260000 	.word	0x0c260000
 c1002cc:	0c270000 	.word	0x0c270000

0c1002d0 <one_second_loop>:
}

void one_second_loop( void )
{
 c1002d0:	e1a0c00d 	mov	ip, sp
 c1002d4:	e92dd800 	push	{fp, ip, lr, pc}
 c1002d8:	e24cb004 	sub	fp, ip, #4
 c1002dc:	e24dd008 	sub	sp, sp, #8
    uint32 i;

    for( i=591436; i; i-- );
 c1002e0:	e59f3028 	ldr	r3, [pc, #40]	; c100310 <one_second_loop+0x40>
 c1002e4:	e50b3010 	str	r3, [fp, #-16]
 c1002e8:	ea000002 	b	c1002f8 <one_second_loop+0x28>
 c1002ec:	e51b3010 	ldr	r3, [fp, #-16]
 c1002f0:	e2433001 	sub	r3, r3, #1
 c1002f4:	e50b3010 	str	r3, [fp, #-16]
 c1002f8:	e51b3010 	ldr	r3, [fp, #-16]
 c1002fc:	e3530000 	cmp	r3, #0
 c100300:	1afffff9 	bne	c1002ec <one_second_loop+0x1c>
}
 c100304:	e24bd00c 	sub	sp, fp, #12
 c100308:	e89d6800 	ldm	sp, {fp, sp, lr}
 c10030c:	e12fff1e 	bx	lr
 c100310:	0009064c 	.word	0x0009064c

0c100314 <lcd_init>:
uint8 lcd_buffer[LCD_BUFFER_SIZE];

static uint8 state;

void lcd_init( void )
{      
 c100314:	e1a0c00d 	mov	ip, sp
 c100318:	e92dd800 	push	{fp, ip, lr, pc}
 c10031c:	e24cb004 	sub	fp, ip, #4
	DITHMODE = 0x12210;
 c100320:	e59f30fc 	ldr	r3, [pc, #252]	; c100424 <lcd_init+0x110>
 c100324:	e59f20fc 	ldr	r2, [pc, #252]	; c100428 <lcd_init+0x114>
 c100328:	e5832000 	str	r2, [r3]
	DP1_2    = 0xa5a5;      
 c10032c:	e59f30f8 	ldr	r3, [pc, #248]	; c10042c <lcd_init+0x118>
 c100330:	e59f20f8 	ldr	r2, [pc, #248]	; c100430 <lcd_init+0x11c>
 c100334:	e5832000 	str	r2, [r3]
	DP4_7    = 0xba5da65;
 c100338:	e59f30f4 	ldr	r3, [pc, #244]	; c100434 <lcd_init+0x120>
 c10033c:	e59f20f4 	ldr	r2, [pc, #244]	; c100438 <lcd_init+0x124>
 c100340:	e5832000 	str	r2, [r3]
	DP3_5    = 0xa5a5f;
 c100344:	e59f30f0 	ldr	r3, [pc, #240]	; c10043c <lcd_init+0x128>
 c100348:	e59f20f0 	ldr	r2, [pc, #240]	; c100440 <lcd_init+0x12c>
 c10034c:	e5832000 	str	r2, [r3]
	DP2_3    = 0xd6b;
 c100350:	e59f30ec 	ldr	r3, [pc, #236]	; c100444 <lcd_init+0x130>
 c100354:	e59f20ec 	ldr	r2, [pc, #236]	; c100448 <lcd_init+0x134>
 c100358:	e5832000 	str	r2, [r3]
	DP5_7    = 0xeb7b5ed;
 c10035c:	e59f30e8 	ldr	r3, [pc, #232]	; c10044c <lcd_init+0x138>
 c100360:	e59f20e8 	ldr	r2, [pc, #232]	; c100450 <lcd_init+0x13c>
 c100364:	e5832000 	str	r2, [r3]
	DP3_4    = 0x7dbe;
 c100368:	e59f30e4 	ldr	r3, [pc, #228]	; c100454 <lcd_init+0x140>
 c10036c:	e59f20e4 	ldr	r2, [pc, #228]	; c100458 <lcd_init+0x144>
 c100370:	e5832000 	str	r2, [r3]
	DP4_5    = 0x7ebdf;
 c100374:	e59f30e0 	ldr	r3, [pc, #224]	; c10045c <lcd_init+0x148>
 c100378:	e59f20e0 	ldr	r2, [pc, #224]	; c100460 <lcd_init+0x14c>
 c10037c:	e5832000 	str	r2, [r3]
	DP6_7    = 0x7fdfbfe;
 c100380:	e59f30dc 	ldr	r3, [pc, #220]	; c100464 <lcd_init+0x150>
 c100384:	e59f20dc 	ldr	r2, [pc, #220]	; c100468 <lcd_init+0x154>
 c100388:	e5832000 	str	r2, [r3]
    
	REDLUT   = 0;
 c10038c:	e59f30d8 	ldr	r3, [pc, #216]	; c10046c <lcd_init+0x158>
 c100390:	e3a02000 	mov	r2, #0
 c100394:	e5832000 	str	r2, [r3]
	GREENLUT = 0; 
 c100398:	e59f30d0 	ldr	r3, [pc, #208]	; c100470 <lcd_init+0x15c>
 c10039c:	e3a02000 	mov	r2, #0
 c1003a0:	e5832000 	str	r2, [r3]
	BLUELUT  = 0;
 c1003a4:	e59f30c8 	ldr	r3, [pc, #200]	; c100474 <lcd_init+0x160>
 c1003a8:	e3a02000 	mov	r2, #0
 c1003ac:	e5832000 	str	r2, [r3]

    LCDCON1  = 0x1C020;
 c1003b0:	e3a0361f 	mov	r3, #32505856	; 0x1f00000
 c1003b4:	e59f20bc 	ldr	r2, [pc, #188]	; c100478 <lcd_init+0x164>
 c1003b8:	e5832000 	str	r2, [r3]
    LCDCON2  = 0x13CEF;
 c1003bc:	e59f30b8 	ldr	r3, [pc, #184]	; c10047c <lcd_init+0x168>
 c1003c0:	e59f20b8 	ldr	r2, [pc, #184]	; c100480 <lcd_init+0x16c>
 c1003c4:	e5832000 	str	r2, [r3]
    LCDCON3  = 0x0;    
 c1003c8:	e59f30b4 	ldr	r3, [pc, #180]	; c100484 <lcd_init+0x170>
 c1003cc:	e3a02000 	mov	r2, #0
 c1003d0:	e5832000 	str	r2, [r3]

    LCDSADDR1 = (2 << 27) | ((uint32)lcd_buffer >> 1);
 c1003d4:	e59f30ac 	ldr	r3, [pc, #172]	; c100488 <lcd_init+0x174>
 c1003d8:	e59f20ac 	ldr	r2, [pc, #172]	; c10048c <lcd_init+0x178>
 c1003dc:	e1a020a2 	lsr	r2, r2, #1
 c1003e0:	e3822201 	orr	r2, r2, #268435456	; 0x10000000
 c1003e4:	e5832000 	str	r2, [r3]
    LCDSADDR2 = (1 << 29) | (((uint32)lcd_buffer + LCD_BUFFER_SIZE) & 0x3FFFFF) >> 1;
 c1003e8:	e59f20a0 	ldr	r2, [pc, #160]	; c100490 <lcd_init+0x17c>
 c1003ec:	e59f3098 	ldr	r3, [pc, #152]	; c10048c <lcd_init+0x178>
 c1003f0:	e2833c96 	add	r3, r3, #38400	; 0x9600
 c1003f4:	e3c334ff 	bic	r3, r3, #-16777216	; 0xff000000
 c1003f8:	e3c33503 	bic	r3, r3, #12582912	; 0xc00000
 c1003fc:	e1a030a3 	lsr	r3, r3, #1
 c100400:	e3833202 	orr	r3, r3, #536870912	; 0x20000000
 c100404:	e5823000 	str	r3, [r2]
    LCDSADDR3 = 0x50;
 c100408:	e59f3084 	ldr	r3, [pc, #132]	; c100494 <lcd_init+0x180>
 c10040c:	e3a02050 	mov	r2, #80	; 0x50
 c100410:	e5832000 	str	r2, [r3]
    
    lcd_off();
 c100414:	eb00002e 	bl	c1004d4 <lcd_off>
}
 c100418:	e24bd00c 	sub	sp, fp, #12
 c10041c:	e89d6800 	ldm	sp, {fp, sp, lr}
 c100420:	e12fff1e 	bx	lr
 c100424:	01f00044 	.word	0x01f00044
 c100428:	00012210 	.word	0x00012210
 c10042c:	01f00020 	.word	0x01f00020
 c100430:	0000a5a5 	.word	0x0000a5a5
 c100434:	01f00024 	.word	0x01f00024
 c100438:	0ba5da65 	.word	0x0ba5da65
 c10043c:	01f00028 	.word	0x01f00028
 c100440:	000a5a5f 	.word	0x000a5a5f
 c100444:	01f0002c 	.word	0x01f0002c
 c100448:	00000d6b 	.word	0x00000d6b
 c10044c:	01f00030 	.word	0x01f00030
 c100450:	0eb7b5ed 	.word	0x0eb7b5ed
 c100454:	01f00034 	.word	0x01f00034
 c100458:	00007dbe 	.word	0x00007dbe
 c10045c:	01f00038 	.word	0x01f00038
 c100460:	0007ebdf 	.word	0x0007ebdf
 c100464:	01f0003c 	.word	0x01f0003c
 c100468:	07fdfbfe 	.word	0x07fdfbfe
 c10046c:	01f00014 	.word	0x01f00014
 c100470:	01f00018 	.word	0x01f00018
 c100474:	01f0001c 	.word	0x01f0001c
 c100478:	0001c020 	.word	0x0001c020
 c10047c:	01f00004 	.word	0x01f00004
 c100480:	00013cef 	.word	0x00013cef
 c100484:	01f00040 	.word	0x01f00040
 c100488:	01f00008 	.word	0x01f00008
 c10048c:	0c1031c8 	.word	0x0c1031c8
 c100490:	01f0000c 	.word	0x01f0000c
 c100494:	01f00010 	.word	0x01f00010

0c100498 <lcd_on>:

void lcd_on( void )
{
 c100498:	e1a0c00d 	mov	ip, sp
 c10049c:	e92dd800 	push	{fp, ip, lr, pc}
 c1004a0:	e24cb004 	sub	fp, ip, #4
	LCDCON1 |= 1;
 c1004a4:	e3a0361f 	mov	r3, #32505856	; 0x1f00000
 c1004a8:	e3a0261f 	mov	r2, #32505856	; 0x1f00000
 c1004ac:	e5922000 	ldr	r2, [r2]
 c1004b0:	e3822001 	orr	r2, r2, #1
 c1004b4:	e5832000 	str	r2, [r3]
	state = ON;
 c1004b8:	e59f3010 	ldr	r3, [pc, #16]	; c1004d0 <lcd_on+0x38>
 c1004bc:	e3a02001 	mov	r2, #1
 c1004c0:	e5c32000 	strb	r2, [r3]
}
 c1004c4:	e24bd00c 	sub	sp, fp, #12
 c1004c8:	e89d6800 	ldm	sp, {fp, sp, lr}
 c1004cc:	e12fff1e 	bx	lr
 c1004d0:	0c103190 	.word	0x0c103190

0c1004d4 <lcd_off>:

void lcd_off( void )
{
 c1004d4:	e1a0c00d 	mov	ip, sp
 c1004d8:	e92dd800 	push	{fp, ip, lr, pc}
 c1004dc:	e24cb004 	sub	fp, ip, #4
	LCDCON1 &= ~(1);
 c1004e0:	e3a0361f 	mov	r3, #32505856	; 0x1f00000
 c1004e4:	e3a0261f 	mov	r2, #32505856	; 0x1f00000
 c1004e8:	e5922000 	ldr	r2, [r2]
 c1004ec:	e3c22001 	bic	r2, r2, #1
 c1004f0:	e5832000 	str	r2, [r3]
	state = OFF;
 c1004f4:	e59f3010 	ldr	r3, [pc, #16]	; c10050c <lcd_off+0x38>
 c1004f8:	e3a02000 	mov	r2, #0
 c1004fc:	e5c32000 	strb	r2, [r3]
}
 c100500:	e24bd00c 	sub	sp, fp, #12
 c100504:	e89d6800 	ldm	sp, {fp, sp, lr}
 c100508:	e12fff1e 	bx	lr
 c10050c:	0c103190 	.word	0x0c103190

0c100510 <lcd_status>:

uint8 lcd_status( void )
{
 c100510:	e1a0c00d 	mov	ip, sp
 c100514:	e92dd800 	push	{fp, ip, lr, pc}
 c100518:	e24cb004 	sub	fp, ip, #4
   	return state;
 c10051c:	e59f3010 	ldr	r3, [pc, #16]	; c100534 <lcd_status+0x24>
 c100520:	e5d33000 	ldrb	r3, [r3]
}
 c100524:	e1a00003 	mov	r0, r3
 c100528:	e24bd00c 	sub	sp, fp, #12
 c10052c:	e89d6800 	ldm	sp, {fp, sp, lr}
 c100530:	e12fff1e 	bx	lr
 c100534:	0c103190 	.word	0x0c103190

0c100538 <lcd_clear>:

void lcd_clear( void )
{
 c100538:	e1a0c00d 	mov	ip, sp
 c10053c:	e92dd800 	push	{fp, ip, lr, pc}
 c100540:	e24cb004 	sub	fp, ip, #4
 c100544:	e24dd008 	sub	sp, sp, #8
    lcd_draw_box(0, 0, LCD_WIDTH - 1, LCD_HEIGHT - 1, WHITE, 1);
 c100548:	e3a03000 	mov	r3, #0
 c10054c:	e58d3000 	str	r3, [sp]
 c100550:	e3a03001 	mov	r3, #1
 c100554:	e58d3004 	str	r3, [sp, #4]
 c100558:	e3a00000 	mov	r0, #0
 c10055c:	e3a01000 	mov	r1, #0
 c100560:	e59f2010 	ldr	r2, [pc, #16]	; c100578 <lcd_clear+0x40>
 c100564:	e3a030ef 	mov	r3, #239	; 0xef
 c100568:	eb0000b5 	bl	c100844 <lcd_draw_box>
}
 c10056c:	e24bd00c 	sub	sp, fp, #12
 c100570:	e89d6800 	ldm	sp, {fp, sp, lr}
 c100574:	e12fff1e 	bx	lr
 c100578:	0000013f 	.word	0x0000013f

0c10057c <lcd_putpixel>:

void lcd_putpixel( uint16 x, uint16 y, uint8 c)
{
 c10057c:	e1a0c00d 	mov	ip, sp
 c100580:	e92dd800 	push	{fp, ip, lr, pc}
 c100584:	e24cb004 	sub	fp, ip, #4
 c100588:	e24dd010 	sub	sp, sp, #16
 c10058c:	e1a03002 	mov	r3, r2
 c100590:	e14b01b6 	strh	r0, [fp, #-22]	; 0xffffffea
 c100594:	e14b11b8 	strh	r1, [fp, #-24]	; 0xffffffe8
 c100598:	e54b3019 	strb	r3, [fp, #-25]	; 0xffffffe7
    uint8 byte, bit;
    uint16 i;

    i = x/2 + y*(LCD_WIDTH/2);
 c10059c:	e15b31b6 	ldrh	r3, [fp, #-22]	; 0xffffffea
 c1005a0:	e1a030a3 	lsr	r3, r3, #1
 c1005a4:	e1a03803 	lsl	r3, r3, #16
 c1005a8:	e1a02823 	lsr	r2, r3, #16
 c1005ac:	e15b31b8 	ldrh	r3, [fp, #-24]	; 0xffffffe8
 c1005b0:	e1a01003 	mov	r1, r3
 c1005b4:	e1a01101 	lsl	r1, r1, #2
 c1005b8:	e0813003 	add	r3, r1, r3
 c1005bc:	e1a03283 	lsl	r3, r3, #5
 c1005c0:	e1a03803 	lsl	r3, r3, #16
 c1005c4:	e1a03823 	lsr	r3, r3, #16
 c1005c8:	e0823003 	add	r3, r2, r3
 c1005cc:	e14b30be 	strh	r3, [fp, #-14]
    bit = (1-x%2)*4;
 c1005d0:	e15b31b6 	ldrh	r3, [fp, #-22]	; 0xffffffea
 c1005d4:	e2033001 	and	r3, r3, #1
 c1005d8:	e3530000 	cmp	r3, #0
 c1005dc:	1a000001 	bne	c1005e8 <lcd_putpixel+0x6c>
 c1005e0:	e3a03004 	mov	r3, #4
 c1005e4:	ea000000 	b	c1005ec <lcd_putpixel+0x70>
 c1005e8:	e3a03000 	mov	r3, #0
 c1005ec:	e54b300f 	strb	r3, [fp, #-15]
    
    byte = lcd_buffer[i];
 c1005f0:	e15b30be 	ldrh	r3, [fp, #-14]
 c1005f4:	e59f2068 	ldr	r2, [pc, #104]	; c100664 <lcd_putpixel+0xe8>
 c1005f8:	e7d23003 	ldrb	r3, [r2, r3]
 c1005fc:	e54b3010 	strb	r3, [fp, #-16]
    byte &= ~(0xF << bit);
 c100600:	e55b300f 	ldrb	r3, [fp, #-15]
 c100604:	e3a0200f 	mov	r2, #15
 c100608:	e1a03312 	lsl	r3, r2, r3
 c10060c:	e20330ff 	and	r3, r3, #255	; 0xff
 c100610:	e1e03003 	mvn	r3, r3
 c100614:	e20320ff 	and	r2, r3, #255	; 0xff
 c100618:	e55b3010 	ldrb	r3, [fp, #-16]
 c10061c:	e0023003 	and	r3, r2, r3
 c100620:	e20330ff 	and	r3, r3, #255	; 0xff
 c100624:	e54b3010 	strb	r3, [fp, #-16]
    byte |= c << bit;
 c100628:	e55b2019 	ldrb	r2, [fp, #-25]	; 0xffffffe7
 c10062c:	e55b300f 	ldrb	r3, [fp, #-15]
 c100630:	e1a03312 	lsl	r3, r2, r3
 c100634:	e20320ff 	and	r2, r3, #255	; 0xff
 c100638:	e55b3010 	ldrb	r3, [fp, #-16]
 c10063c:	e1823003 	orr	r3, r2, r3
 c100640:	e20330ff 	and	r3, r3, #255	; 0xff
 c100644:	e54b3010 	strb	r3, [fp, #-16]
    lcd_buffer[i] = byte;
 c100648:	e15b30be 	ldrh	r3, [fp, #-14]
 c10064c:	e59f2010 	ldr	r2, [pc, #16]	; c100664 <lcd_putpixel+0xe8>
 c100650:	e55b1010 	ldrb	r1, [fp, #-16]
 c100654:	e7c21003 	strb	r1, [r2, r3]
}
 c100658:	e24bd00c 	sub	sp, fp, #12
 c10065c:	e89d6800 	ldm	sp, {fp, sp, lr}
 c100660:	e12fff1e 	bx	lr
 c100664:	0c1031c8 	.word	0x0c1031c8

0c100668 <lcd_getpixel>:

uint8 lcd_getpixel( uint16 x, uint16 y )
{
 c100668:	e1a0c00d 	mov	ip, sp
 c10066c:	e92dd800 	push	{fp, ip, lr, pc}
 c100670:	e24cb004 	sub	fp, ip, #4
 c100674:	e24dd010 	sub	sp, sp, #16
 c100678:	e1a02000 	mov	r2, r0
 c10067c:	e1a03001 	mov	r3, r1
 c100680:	e14b21b6 	strh	r2, [fp, #-22]	; 0xffffffea
 c100684:	e14b31b8 	strh	r3, [fp, #-24]	; 0xffffffe8
    uint8 byte;
	
	byte = lcd_buffer[x/2 + y*(LCD_WIDTH/2)];
 c100688:	e15b31b6 	ldrh	r3, [fp, #-22]	; 0xffffffea
 c10068c:	e1a030a3 	lsr	r3, r3, #1
 c100690:	e1a03803 	lsl	r3, r3, #16
 c100694:	e1a03823 	lsr	r3, r3, #16
 c100698:	e1a01003 	mov	r1, r3
 c10069c:	e15b21b8 	ldrh	r2, [fp, #-24]	; 0xffffffe8
 c1006a0:	e1a03002 	mov	r3, r2
 c1006a4:	e1a03103 	lsl	r3, r3, #2
 c1006a8:	e0833002 	add	r3, r3, r2
 c1006ac:	e1a03283 	lsl	r3, r3, #5
 c1006b0:	e0813003 	add	r3, r1, r3
 c1006b4:	e59f2044 	ldr	r2, [pc, #68]	; c100700 <lcd_getpixel+0x98>
 c1006b8:	e7d23003 	ldrb	r3, [r2, r3]
 c1006bc:	e54b300d 	strb	r3, [fp, #-13]
	return (byte >> (1-x%2)*4 & 0xF);
 c1006c0:	e55b200d 	ldrb	r2, [fp, #-13]
 c1006c4:	e15b31b6 	ldrh	r3, [fp, #-22]	; 0xffffffea
 c1006c8:	e2033001 	and	r3, r3, #1
 c1006cc:	e3530000 	cmp	r3, #0
 c1006d0:	1a000001 	bne	c1006dc <lcd_getpixel+0x74>
 c1006d4:	e3a03004 	mov	r3, #4
 c1006d8:	ea000000 	b	c1006e0 <lcd_getpixel+0x78>
 c1006dc:	e3a03000 	mov	r3, #0
 c1006e0:	e1a03352 	asr	r3, r2, r3
 c1006e4:	e20330ff 	and	r3, r3, #255	; 0xff
 c1006e8:	e203300f 	and	r3, r3, #15
 c1006ec:	e20330ff 	and	r3, r3, #255	; 0xff
}
 c1006f0:	e1a00003 	mov	r0, r3
 c1006f4:	e24bd00c 	sub	sp, fp, #12
 c1006f8:	e89d6800 	ldm	sp, {fp, sp, lr}
 c1006fc:	e12fff1e 	bx	lr
 c100700:	0c1031c8 	.word	0x0c1031c8

0c100704 <lcd_draw_hline>:

void lcd_draw_hline( uint16 xleft, uint16 xright, uint16 y, uint8 color, uint16 width )
{
 c100704:	e1a0c00d 	mov	ip, sp
 c100708:	e92dd800 	push	{fp, ip, lr, pc}
 c10070c:	e24cb004 	sub	fp, ip, #4
 c100710:	e24dd010 	sub	sp, sp, #16
 c100714:	e14b01b6 	strh	r0, [fp, #-22]	; 0xffffffea
 c100718:	e14b11b8 	strh	r1, [fp, #-24]	; 0xffffffe8
 c10071c:	e14b21ba 	strh	r2, [fp, #-26]	; 0xffffffe6
 c100720:	e54b301b 	strb	r3, [fp, #-27]	; 0xffffffe5
	uint16 k = 0;
 c100724:	e3a03000 	mov	r3, #0
 c100728:	e14b30be 	strh	r3, [fp, #-14]
	uint16 i = xleft;
 c10072c:	e15b31b6 	ldrh	r3, [fp, #-22]	; 0xffffffea
 c100730:	e14b31b0 	strh	r3, [fp, #-16]

    for(; k < width; k++) {
 c100734:	ea000013 	b	c100788 <lcd_draw_hline+0x84>
    	for (; i < xright; i++){
    	    lcd_putpixel(i, y, color);
 c100738:	e15b11b0 	ldrh	r1, [fp, #-16]
 c10073c:	e15b21ba 	ldrh	r2, [fp, #-26]	; 0xffffffe6
 c100740:	e55b301b 	ldrb	r3, [fp, #-27]	; 0xffffffe5
 c100744:	e1a00001 	mov	r0, r1
 c100748:	e1a01002 	mov	r1, r2
 c10074c:	e1a02003 	mov	r2, r3
 c100750:	ebffff89 	bl	c10057c <lcd_putpixel>
{
	uint16 k = 0;
	uint16 i = xleft;

    for(; k < width; k++) {
    	for (; i < xright; i++){
 c100754:	e15b31b0 	ldrh	r3, [fp, #-16]
 c100758:	e2833001 	add	r3, r3, #1
 c10075c:	e14b31b0 	strh	r3, [fp, #-16]
 c100760:	e15b21b0 	ldrh	r2, [fp, #-16]
 c100764:	e15b31b8 	ldrh	r3, [fp, #-24]	; 0xffffffe8
 c100768:	e1520003 	cmp	r2, r3
 c10076c:	3afffff1 	bcc	c100738 <lcd_draw_hline+0x34>
    	    lcd_putpixel(i, y, color);
    	}
    	y++;
 c100770:	e15b31ba 	ldrh	r3, [fp, #-26]	; 0xffffffe6
 c100774:	e2833001 	add	r3, r3, #1
 c100778:	e14b31ba 	strh	r3, [fp, #-26]	; 0xffffffe6
void lcd_draw_hline( uint16 xleft, uint16 xright, uint16 y, uint8 color, uint16 width )
{
	uint16 k = 0;
	uint16 i = xleft;

    for(; k < width; k++) {
 c10077c:	e15b30be 	ldrh	r3, [fp, #-14]
 c100780:	e2833001 	add	r3, r3, #1
 c100784:	e14b30be 	strh	r3, [fp, #-14]
 c100788:	e15b20be 	ldrh	r2, [fp, #-14]
 c10078c:	e1db30b4 	ldrh	r3, [fp, #4]
 c100790:	e1520003 	cmp	r2, r3
 c100794:	3afffff1 	bcc	c100760 <lcd_draw_hline+0x5c>
    	for (; i < xright; i++){
    	    lcd_putpixel(i, y, color);
    	}
    	y++;
    }
}
 c100798:	e24bd00c 	sub	sp, fp, #12
 c10079c:	e89d6800 	ldm	sp, {fp, sp, lr}
 c1007a0:	e12fff1e 	bx	lr

0c1007a4 <lcd_draw_vline>:

void lcd_draw_vline( uint16 yup, uint16 ydown, uint16 x, uint8 color, uint16 width )
{
 c1007a4:	e1a0c00d 	mov	ip, sp
 c1007a8:	e92dd800 	push	{fp, ip, lr, pc}
 c1007ac:	e24cb004 	sub	fp, ip, #4
 c1007b0:	e24dd010 	sub	sp, sp, #16
 c1007b4:	e14b01b6 	strh	r0, [fp, #-22]	; 0xffffffea
 c1007b8:	e14b11b8 	strh	r1, [fp, #-24]	; 0xffffffe8
 c1007bc:	e14b21ba 	strh	r2, [fp, #-26]	; 0xffffffe6
 c1007c0:	e54b301b 	strb	r3, [fp, #-27]	; 0xffffffe5
	uint16 k = 0;
 c1007c4:	e3a03000 	mov	r3, #0
 c1007c8:	e14b30be 	strh	r3, [fp, #-14]
	uint16 j = 0;
 c1007cc:	e3a03000 	mov	r3, #0
 c1007d0:	e14b31b0 	strh	r3, [fp, #-16]

	for(; k < width; k++) {
 c1007d4:	ea000013 	b	c100828 <lcd_draw_vline+0x84>
		for (; j < ydown; j--){
			lcd_putpixel(x, j, color);
 c1007d8:	e15b11ba 	ldrh	r1, [fp, #-26]	; 0xffffffe6
 c1007dc:	e15b21b0 	ldrh	r2, [fp, #-16]
 c1007e0:	e55b301b 	ldrb	r3, [fp, #-27]	; 0xffffffe5
 c1007e4:	e1a00001 	mov	r0, r1
 c1007e8:	e1a01002 	mov	r1, r2
 c1007ec:	e1a02003 	mov	r2, r3
 c1007f0:	ebffff61 	bl	c10057c <lcd_putpixel>
{
	uint16 k = 0;
	uint16 j = 0;

	for(; k < width; k++) {
		for (; j < ydown; j--){
 c1007f4:	e15b31b0 	ldrh	r3, [fp, #-16]
 c1007f8:	e2433001 	sub	r3, r3, #1
 c1007fc:	e14b31b0 	strh	r3, [fp, #-16]
 c100800:	e15b21b0 	ldrh	r2, [fp, #-16]
 c100804:	e15b31b8 	ldrh	r3, [fp, #-24]	; 0xffffffe8
 c100808:	e1520003 	cmp	r2, r3
 c10080c:	3afffff1 	bcc	c1007d8 <lcd_draw_vline+0x34>
			lcd_putpixel(x, j, color);
		}
		x++;
 c100810:	e15b31ba 	ldrh	r3, [fp, #-26]	; 0xffffffe6
 c100814:	e2833001 	add	r3, r3, #1
 c100818:	e14b31ba 	strh	r3, [fp, #-26]	; 0xffffffe6
void lcd_draw_vline( uint16 yup, uint16 ydown, uint16 x, uint8 color, uint16 width )
{
	uint16 k = 0;
	uint16 j = 0;

	for(; k < width; k++) {
 c10081c:	e15b30be 	ldrh	r3, [fp, #-14]
 c100820:	e2833001 	add	r3, r3, #1
 c100824:	e14b30be 	strh	r3, [fp, #-14]
 c100828:	e15b20be 	ldrh	r2, [fp, #-14]
 c10082c:	e1db30b4 	ldrh	r3, [fp, #4]
 c100830:	e1520003 	cmp	r2, r3
 c100834:	3afffff1 	bcc	c100800 <lcd_draw_vline+0x5c>
		for (; j < ydown; j--){
			lcd_putpixel(x, j, color);
		}
		x++;
	}
}
 c100838:	e24bd00c 	sub	sp, fp, #12
 c10083c:	e89d6800 	ldm	sp, {fp, sp, lr}
 c100840:	e12fff1e 	bx	lr

0c100844 <lcd_draw_box>:

void lcd_draw_box( uint16 xleft, uint16 yup, uint16 xright, uint16 ydown, uint8 color, uint16 width )
{
 c100844:	e1a0c00d 	mov	ip, sp
 c100848:	e92dd800 	push	{fp, ip, lr, pc}
 c10084c:	e24cb004 	sub	fp, ip, #4
 c100850:	e24dd010 	sub	sp, sp, #16
 c100854:	e14b00be 	strh	r0, [fp, #-14]
 c100858:	e14b11b0 	strh	r1, [fp, #-16]
 c10085c:	e14b21b2 	strh	r2, [fp, #-18]	; 0xffffffee
 c100860:	e14b31b4 	strh	r3, [fp, #-20]	; 0xffffffec
	// for(uint16 k = 0; k < width; k++) {
		lcd_draw_hline(xleft, xright, yup, color, ydown - yup);
 c100864:	e15b21b4 	ldrh	r2, [fp, #-20]	; 0xffffffec
 c100868:	e15b31b0 	ldrh	r3, [fp, #-16]
 c10086c:	e0633002 	rsb	r3, r3, r2
 c100870:	e1a03803 	lsl	r3, r3, #16
 c100874:	e1a0c823 	lsr	ip, r3, #16
 c100878:	e15b00be 	ldrh	r0, [fp, #-14]
 c10087c:	e15b11b2 	ldrh	r1, [fp, #-18]	; 0xffffffee
 c100880:	e15b21b0 	ldrh	r2, [fp, #-16]
 c100884:	e5db3004 	ldrb	r3, [fp, #4]
 c100888:	e58dc000 	str	ip, [sp]
 c10088c:	ebffff9c 	bl	c100704 <lcd_draw_hline>
	// }
}
 c100890:	e24bd00c 	sub	sp, fp, #12
 c100894:	e89d6800 	ldm	sp, {fp, sp, lr}
 c100898:	e12fff1e 	bx	lr

0c10089c <lcd_putchar>:

void lcd_putchar( uint16 x, uint16 y, uint8 color, char ch )
{
 c10089c:	e1a0c00d 	mov	ip, sp
 c1008a0:	e92dd800 	push	{fp, ip, lr, pc}
 c1008a4:	e24cb004 	sub	fp, ip, #4
 c1008a8:	e24dd010 	sub	sp, sp, #16
 c1008ac:	e14b01b6 	strh	r0, [fp, #-22]	; 0xffffffea
 c1008b0:	e14b11b8 	strh	r1, [fp, #-24]	; 0xffffffe8
 c1008b4:	e54b2019 	strb	r2, [fp, #-25]	; 0xffffffe7
 c1008b8:	e54b301a 	strb	r3, [fp, #-26]	; 0xffffffe6
    uint8 row, col;
    uint8 *bitmap;

    bitmap = font + ch*16;
 c1008bc:	e55b301a 	ldrb	r3, [fp, #-26]	; 0xffffffe6
 c1008c0:	e1a03203 	lsl	r3, r3, #4
 c1008c4:	e1a02003 	mov	r2, r3
 c1008c8:	e59f311c 	ldr	r3, [pc, #284]	; c1009ec <lcd_putchar+0x150>
 c1008cc:	e0823003 	add	r3, r2, r3
 c1008d0:	e50b3014 	str	r3, [fp, #-20]	; 0xffffffec
    for( row=0; row<16; row++ )
 c1008d4:	e3a03000 	mov	r3, #0
 c1008d8:	e54b300d 	strb	r3, [fp, #-13]
 c1008dc:	ea00003c 	b	c1009d4 <lcd_putchar+0x138>
        for( col=0; col<8; col++ )                    
 c1008e0:	e3a03000 	mov	r3, #0
 c1008e4:	e54b300e 	strb	r3, [fp, #-14]
 c1008e8:	ea000033 	b	c1009bc <lcd_putchar+0x120>
            if( bitmap[row] & (0x80 >> col) )
 c1008ec:	e55b300d 	ldrb	r3, [fp, #-13]
 c1008f0:	e51b2014 	ldr	r2, [fp, #-20]	; 0xffffffec
 c1008f4:	e0823003 	add	r3, r2, r3
 c1008f8:	e5d33000 	ldrb	r3, [r3]
 c1008fc:	e1a02003 	mov	r2, r3
 c100900:	e55b300e 	ldrb	r3, [fp, #-14]
 c100904:	e3a01080 	mov	r1, #128	; 0x80
 c100908:	e1a03351 	asr	r3, r1, r3
 c10090c:	e0023003 	and	r3, r2, r3
 c100910:	e3530000 	cmp	r3, #0
 c100914:	0a000013 	beq	c100968 <lcd_putchar+0xcc>
                lcd_putpixel( x+col, y+row, color );
 c100918:	e55b300e 	ldrb	r3, [fp, #-14]
 c10091c:	e1a03803 	lsl	r3, r3, #16
 c100920:	e1a02823 	lsr	r2, r3, #16
 c100924:	e15b31b6 	ldrh	r3, [fp, #-22]	; 0xffffffea
 c100928:	e0823003 	add	r3, r2, r3
 c10092c:	e1a03803 	lsl	r3, r3, #16
 c100930:	e1a01823 	lsr	r1, r3, #16
 c100934:	e55b300d 	ldrb	r3, [fp, #-13]
 c100938:	e1a03803 	lsl	r3, r3, #16
 c10093c:	e1a02823 	lsr	r2, r3, #16
 c100940:	e15b31b8 	ldrh	r3, [fp, #-24]	; 0xffffffe8
 c100944:	e0823003 	add	r3, r2, r3
 c100948:	e1a03803 	lsl	r3, r3, #16
 c10094c:	e1a02823 	lsr	r2, r3, #16
 c100950:	e55b3019 	ldrb	r3, [fp, #-25]	; 0xffffffe7
 c100954:	e1a00001 	mov	r0, r1
 c100958:	e1a01002 	mov	r1, r2
 c10095c:	e1a02003 	mov	r2, r3
 c100960:	ebffff05 	bl	c10057c <lcd_putpixel>
 c100964:	ea000011 	b	c1009b0 <lcd_putchar+0x114>
            else
                lcd_putpixel( x+col, y+row, WHITE );
 c100968:	e55b300e 	ldrb	r3, [fp, #-14]
 c10096c:	e1a03803 	lsl	r3, r3, #16
 c100970:	e1a02823 	lsr	r2, r3, #16
 c100974:	e15b31b6 	ldrh	r3, [fp, #-22]	; 0xffffffea
 c100978:	e0823003 	add	r3, r2, r3
 c10097c:	e1a03803 	lsl	r3, r3, #16
 c100980:	e1a02823 	lsr	r2, r3, #16
 c100984:	e55b300d 	ldrb	r3, [fp, #-13]
 c100988:	e1a03803 	lsl	r3, r3, #16
 c10098c:	e1a01823 	lsr	r1, r3, #16
 c100990:	e15b31b8 	ldrh	r3, [fp, #-24]	; 0xffffffe8
 c100994:	e0813003 	add	r3, r1, r3
 c100998:	e1a03803 	lsl	r3, r3, #16
 c10099c:	e1a03823 	lsr	r3, r3, #16
 c1009a0:	e1a00002 	mov	r0, r2
 c1009a4:	e1a01003 	mov	r1, r3
 c1009a8:	e3a02000 	mov	r2, #0
 c1009ac:	ebfffef2 	bl	c10057c <lcd_putpixel>
    uint8 row, col;
    uint8 *bitmap;

    bitmap = font + ch*16;
    for( row=0; row<16; row++ )
        for( col=0; col<8; col++ )                    
 c1009b0:	e55b300e 	ldrb	r3, [fp, #-14]
 c1009b4:	e2833001 	add	r3, r3, #1
 c1009b8:	e54b300e 	strb	r3, [fp, #-14]
 c1009bc:	e55b300e 	ldrb	r3, [fp, #-14]
 c1009c0:	e3530007 	cmp	r3, #7
 c1009c4:	9affffc8 	bls	c1008ec <lcd_putchar+0x50>
{
    uint8 row, col;
    uint8 *bitmap;

    bitmap = font + ch*16;
    for( row=0; row<16; row++ )
 c1009c8:	e55b300d 	ldrb	r3, [fp, #-13]
 c1009cc:	e2833001 	add	r3, r3, #1
 c1009d0:	e54b300d 	strb	r3, [fp, #-13]
 c1009d4:	e55b300d 	ldrb	r3, [fp, #-13]
 c1009d8:	e353000f 	cmp	r3, #15
 c1009dc:	9affffbf 	bls	c1008e0 <lcd_putchar+0x44>
        for( col=0; col<8; col++ )                    
            if( bitmap[row] & (0x80 >> col) )
                lcd_putpixel( x+col, y+row, color );
            else
                lcd_putpixel( x+col, y+row, WHITE );
}
 c1009e0:	e24bd00c 	sub	sp, fp, #12
 c1009e4:	e89d6800 	ldm	sp, {fp, sp, lr}
 c1009e8:	e12fff1e 	bx	lr
 c1009ec:	0c102180 	.word	0x0c102180

0c1009f0 <lcd_puts>:

void lcd_puts( uint16 x, uint16 y, uint8 color, char *s )
{
 c1009f0:	e1a0c00d 	mov	ip, sp
 c1009f4:	e92dd800 	push	{fp, ip, lr, pc}
 c1009f8:	e24cb004 	sub	fp, ip, #4
 c1009fc:	e24dd018 	sub	sp, sp, #24
 c100a00:	e50b3020 	str	r3, [fp, #-32]	; 0xffffffe0
 c100a04:	e14b01b6 	strh	r0, [fp, #-22]	; 0xffffffea
 c100a08:	e14b11b8 	strh	r1, [fp, #-24]	; 0xffffffe8
 c100a0c:	e1a03002 	mov	r3, r2
 c100a10:	e54b3019 	strb	r3, [fp, #-25]	; 0xffffffe7
	uint8 i = 0;
 c100a14:	e3a03000 	mov	r3, #0
 c100a18:	e54b300d 	strb	r3, [fp, #-13]
    while (s[i] != '\0'){
 c100a1c:	ea000013 	b	c100a70 <lcd_puts+0x80>
    	lcd_putchar(x + 8*i, y, color, s[i]);
 c100a20:	e55b300d 	ldrb	r3, [fp, #-13]
 c100a24:	e1a03803 	lsl	r3, r3, #16
 c100a28:	e1a03823 	lsr	r3, r3, #16
 c100a2c:	e1a03183 	lsl	r3, r3, #3
 c100a30:	e1a03803 	lsl	r3, r3, #16
 c100a34:	e1a02823 	lsr	r2, r3, #16
 c100a38:	e15b31b6 	ldrh	r3, [fp, #-22]	; 0xffffffea
 c100a3c:	e0823003 	add	r3, r2, r3
 c100a40:	e1a03803 	lsl	r3, r3, #16
 c100a44:	e1a00823 	lsr	r0, r3, #16
 c100a48:	e55b300d 	ldrb	r3, [fp, #-13]
 c100a4c:	e51b2020 	ldr	r2, [fp, #-32]	; 0xffffffe0
 c100a50:	e0823003 	add	r3, r2, r3
 c100a54:	e5d33000 	ldrb	r3, [r3]
 c100a58:	e15b11b8 	ldrh	r1, [fp, #-24]	; 0xffffffe8
 c100a5c:	e55b2019 	ldrb	r2, [fp, #-25]	; 0xffffffe7
 c100a60:	ebffff8d 	bl	c10089c <lcd_putchar>
    	i++;
 c100a64:	e55b300d 	ldrb	r3, [fp, #-13]
 c100a68:	e2833001 	add	r3, r3, #1
 c100a6c:	e54b300d 	strb	r3, [fp, #-13]
}

void lcd_puts( uint16 x, uint16 y, uint8 color, char *s )
{
	uint8 i = 0;
    while (s[i] != '\0'){
 c100a70:	e55b300d 	ldrb	r3, [fp, #-13]
 c100a74:	e51b2020 	ldr	r2, [fp, #-32]	; 0xffffffe0
 c100a78:	e0823003 	add	r3, r2, r3
 c100a7c:	e5d33000 	ldrb	r3, [r3]
 c100a80:	e3530000 	cmp	r3, #0
 c100a84:	1affffe5 	bne	c100a20 <lcd_puts+0x30>
    	lcd_putchar(x + 8*i, y, color, s[i]);
    	i++;
    }
}
 c100a88:	e24bd00c 	sub	sp, fp, #12
 c100a8c:	e89d6800 	ldm	sp, {fp, sp, lr}
 c100a90:	e12fff1e 	bx	lr

0c100a94 <lcd_putint>:

void lcd_putint( uint16 x, uint16 y, uint8 color, int32 i )
{
 c100a94:	e1a0c00d 	mov	ip, sp
 c100a98:	e92dd800 	push	{fp, ip, lr, pc}
 c100a9c:	e24cb004 	sub	fp, ip, #4
 c100aa0:	e24dd018 	sub	sp, sp, #24
 c100aa4:	e50b3020 	str	r3, [fp, #-32]	; 0xffffffe0
 c100aa8:	e14b01b6 	strh	r0, [fp, #-22]	; 0xffffffea
 c100aac:	e14b11b8 	strh	r1, [fp, #-24]	; 0xffffffe8
 c100ab0:	e1a03002 	mov	r3, r2
 c100ab4:	e54b3019 	strb	r3, [fp, #-25]	; 0xffffffe7
	static char buf[10 + 2];
	char *p = buf + 10 + 1;
 c100ab8:	e59f3148 	ldr	r3, [pc, #328]	; c100c08 <lcd_putint+0x174>
 c100abc:	e50b3010 	str	r3, [fp, #-16]

	*p = '\0';
 c100ac0:	e51b3010 	ldr	r3, [fp, #-16]
 c100ac4:	e3a02000 	mov	r2, #0
 c100ac8:	e5c32000 	strb	r2, [r3]

	if( i >= 0 )
 c100acc:	e51b3020 	ldr	r3, [fp, #-32]	; 0xffffffe0
 c100ad0:	e3530000 	cmp	r3, #0
 c100ad4:	ba00001d 	blt	c100b50 <lcd_putint+0xbc>
	{
		do {
			*--p = '0' + (i % 10);
 c100ad8:	e51b3010 	ldr	r3, [fp, #-16]
 c100adc:	e2433001 	sub	r3, r3, #1
 c100ae0:	e50b3010 	str	r3, [fp, #-16]
 c100ae4:	e51b1020 	ldr	r1, [fp, #-32]	; 0xffffffe0
 c100ae8:	e59f311c 	ldr	r3, [pc, #284]	; c100c0c <lcd_putint+0x178>
 c100aec:	e0c32391 	smull	r2, r3, r1, r3
 c100af0:	e1a02143 	asr	r2, r3, #2
 c100af4:	e1a03fc1 	asr	r3, r1, #31
 c100af8:	e0632002 	rsb	r2, r3, r2
 c100afc:	e1a03002 	mov	r3, r2
 c100b00:	e1a03103 	lsl	r3, r3, #2
 c100b04:	e0833002 	add	r3, r3, r2
 c100b08:	e1a03083 	lsl	r3, r3, #1
 c100b0c:	e0632001 	rsb	r2, r3, r1
 c100b10:	e20230ff 	and	r3, r2, #255	; 0xff
 c100b14:	e2833030 	add	r3, r3, #48	; 0x30
 c100b18:	e20320ff 	and	r2, r3, #255	; 0xff
 c100b1c:	e51b3010 	ldr	r3, [fp, #-16]
 c100b20:	e5c32000 	strb	r2, [r3]
			i /= 10;
 c100b24:	e51b3020 	ldr	r3, [fp, #-32]	; 0xffffffe0
 c100b28:	e59f20dc 	ldr	r2, [pc, #220]	; c100c0c <lcd_putint+0x178>
 c100b2c:	e0c21293 	smull	r1, r2, r3, r2
 c100b30:	e1a02142 	asr	r2, r2, #2
 c100b34:	e1a03fc3 	asr	r3, r3, #31
 c100b38:	e0633002 	rsb	r3, r3, r2
 c100b3c:	e50b3020 	str	r3, [fp, #-32]	; 0xffffffe0
		} while( i );
 c100b40:	e51b3020 	ldr	r3, [fp, #-32]	; 0xffffffe0
 c100b44:	e3530000 	cmp	r3, #0
 c100b48:	1affffe2 	bne	c100ad8 <lcd_putint+0x44>
 c100b4c:	ea000022 	b	c100bdc <lcd_putint+0x148>
	}
	else
	{							
		do {
			*--p = '0' - (i % 10);
 c100b50:	e51b3010 	ldr	r3, [fp, #-16]
 c100b54:	e2433001 	sub	r3, r3, #1
 c100b58:	e50b3010 	str	r3, [fp, #-16]
 c100b5c:	e51b1020 	ldr	r1, [fp, #-32]	; 0xffffffe0
 c100b60:	e59f30a4 	ldr	r3, [pc, #164]	; c100c0c <lcd_putint+0x178>
 c100b64:	e0c32391 	smull	r2, r3, r1, r3
 c100b68:	e1a02143 	asr	r2, r3, #2
 c100b6c:	e1a03fc1 	asr	r3, r1, #31
 c100b70:	e0632002 	rsb	r2, r3, r2
 c100b74:	e1a03002 	mov	r3, r2
 c100b78:	e1a03103 	lsl	r3, r3, #2
 c100b7c:	e0833002 	add	r3, r3, r2
 c100b80:	e1a03083 	lsl	r3, r3, #1
 c100b84:	e0632001 	rsb	r2, r3, r1
 c100b88:	e20230ff 	and	r3, r2, #255	; 0xff
 c100b8c:	e2633030 	rsb	r3, r3, #48	; 0x30
 c100b90:	e20320ff 	and	r2, r3, #255	; 0xff
 c100b94:	e51b3010 	ldr	r3, [fp, #-16]
 c100b98:	e5c32000 	strb	r2, [r3]
			i /= 10;
 c100b9c:	e51b3020 	ldr	r3, [fp, #-32]	; 0xffffffe0
 c100ba0:	e59f2064 	ldr	r2, [pc, #100]	; c100c0c <lcd_putint+0x178>
 c100ba4:	e0c21293 	smull	r1, r2, r3, r2
 c100ba8:	e1a02142 	asr	r2, r2, #2
 c100bac:	e1a03fc3 	asr	r3, r3, #31
 c100bb0:	e0633002 	rsb	r3, r3, r2
 c100bb4:	e50b3020 	str	r3, [fp, #-32]	; 0xffffffe0
		} while( i );
 c100bb8:	e51b3020 	ldr	r3, [fp, #-32]	; 0xffffffe0
 c100bbc:	e3530000 	cmp	r3, #0
 c100bc0:	1affffe2 	bne	c100b50 <lcd_putint+0xbc>
		*--p = '-';
 c100bc4:	e51b3010 	ldr	r3, [fp, #-16]
 c100bc8:	e2433001 	sub	r3, r3, #1
 c100bcc:	e50b3010 	str	r3, [fp, #-16]
 c100bd0:	e51b3010 	ldr	r3, [fp, #-16]
 c100bd4:	e3a0202d 	mov	r2, #45	; 0x2d
 c100bd8:	e5c32000 	strb	r2, [r3]
	}

	lcd_puts( x, y, color, p );
 c100bdc:	e15b11b6 	ldrh	r1, [fp, #-22]	; 0xffffffea
 c100be0:	e15b21b8 	ldrh	r2, [fp, #-24]	; 0xffffffe8
 c100be4:	e55b3019 	ldrb	r3, [fp, #-25]	; 0xffffffe7
 c100be8:	e1a00001 	mov	r0, r1
 c100bec:	e1a01002 	mov	r1, r2
 c100bf0:	e1a02003 	mov	r2, r3
 c100bf4:	e51b3010 	ldr	r3, [fp, #-16]
 c100bf8:	ebffff7c 	bl	c1009f0 <lcd_puts>
}
 c100bfc:	e24bd00c 	sub	sp, fp, #12
 c100c00:	e89d6800 	ldm	sp, {fp, sp, lr}
 c100c04:	e12fff1e 	bx	lr
 c100c08:	0c1031c3 	.word	0x0c1031c3
 c100c0c:	66666667 	.word	0x66666667

0c100c10 <lcd_puthex>:

void lcd_puthex( uint16 x, uint16 y, uint8 color, uint32 i )
{
 c100c10:	e1a0c00d 	mov	ip, sp
 c100c14:	e92dd800 	push	{fp, ip, lr, pc}
 c100c18:	e24cb004 	sub	fp, ip, #4
 c100c1c:	e24dd018 	sub	sp, sp, #24
 c100c20:	e50b3020 	str	r3, [fp, #-32]	; 0xffffffe0
 c100c24:	e14b01b6 	strh	r0, [fp, #-22]	; 0xffffffea
 c100c28:	e14b11b8 	strh	r1, [fp, #-24]	; 0xffffffe8
 c100c2c:	e1a03002 	mov	r3, r2
 c100c30:	e54b3019 	strb	r3, [fp, #-25]	; 0xffffffe7
    static char buf[8 + 1];
	char *p = buf + 8;
 c100c34:	e59f30b0 	ldr	r3, [pc, #176]	; c100cec <lcd_puthex+0xdc>
 c100c38:	e50b3010 	str	r3, [fp, #-16]
	uint8 c;

	*p = '\0';
 c100c3c:	e51b3010 	ldr	r3, [fp, #-16]
 c100c40:	e3a02000 	mov	r2, #0
 c100c44:	e5c32000 	strb	r2, [r3]

	do {
		c = i & 0xf;
 c100c48:	e51b3020 	ldr	r3, [fp, #-32]	; 0xffffffe0
 c100c4c:	e20330ff 	and	r3, r3, #255	; 0xff
 c100c50:	e203300f 	and	r3, r3, #15
 c100c54:	e54b3011 	strb	r3, [fp, #-17]	; 0xffffffef
		if( c < 10 )
 c100c58:	e55b3011 	ldrb	r3, [fp, #-17]	; 0xffffffef
 c100c5c:	e3530009 	cmp	r3, #9
 c100c60:	8a000008 	bhi	c100c88 <lcd_puthex+0x78>
			*--p = '0' + c;
 c100c64:	e51b3010 	ldr	r3, [fp, #-16]
 c100c68:	e2433001 	sub	r3, r3, #1
 c100c6c:	e50b3010 	str	r3, [fp, #-16]
 c100c70:	e55b3011 	ldrb	r3, [fp, #-17]	; 0xffffffef
 c100c74:	e2833030 	add	r3, r3, #48	; 0x30
 c100c78:	e20320ff 	and	r2, r3, #255	; 0xff
 c100c7c:	e51b3010 	ldr	r3, [fp, #-16]
 c100c80:	e5c32000 	strb	r2, [r3]
 c100c84:	ea000007 	b	c100ca8 <lcd_puthex+0x98>
		else
			*--p = 'a' + c - 10;
 c100c88:	e51b3010 	ldr	r3, [fp, #-16]
 c100c8c:	e2433001 	sub	r3, r3, #1
 c100c90:	e50b3010 	str	r3, [fp, #-16]
 c100c94:	e55b3011 	ldrb	r3, [fp, #-17]	; 0xffffffef
 c100c98:	e2833057 	add	r3, r3, #87	; 0x57
 c100c9c:	e20320ff 	and	r2, r3, #255	; 0xff
 c100ca0:	e51b3010 	ldr	r3, [fp, #-16]
 c100ca4:	e5c32000 	strb	r2, [r3]
		i = i >> 4;
 c100ca8:	e51b3020 	ldr	r3, [fp, #-32]	; 0xffffffe0
 c100cac:	e1a03223 	lsr	r3, r3, #4
 c100cb0:	e50b3020 	str	r3, [fp, #-32]	; 0xffffffe0
	} while( i );
 c100cb4:	e51b3020 	ldr	r3, [fp, #-32]	; 0xffffffe0
 c100cb8:	e3530000 	cmp	r3, #0
 c100cbc:	1affffe1 	bne	c100c48 <lcd_puthex+0x38>

	lcd_puts( x, y, color, p );
 c100cc0:	e15b11b6 	ldrh	r1, [fp, #-22]	; 0xffffffea
 c100cc4:	e15b21b8 	ldrh	r2, [fp, #-24]	; 0xffffffe8
 c100cc8:	e55b3019 	ldrb	r3, [fp, #-25]	; 0xffffffe7
 c100ccc:	e1a00001 	mov	r0, r1
 c100cd0:	e1a01002 	mov	r1, r2
 c100cd4:	e1a02003 	mov	r2, r3
 c100cd8:	e51b3010 	ldr	r3, [fp, #-16]
 c100cdc:	ebffff43 	bl	c1009f0 <lcd_puts>
}
 c100ce0:	e24bd00c 	sub	sp, fp, #12
 c100ce4:	e89d6800 	ldm	sp, {fp, sp, lr}
 c100ce8:	e12fff1e 	bx	lr
 c100cec:	0c1031b4 	.word	0x0c1031b4

0c100cf0 <lcd_putchar_x2>:

void lcd_putchar_x2( uint16 x, uint16 y, uint8 color, char ch )
{
 c100cf0:	e1a0c00d 	mov	ip, sp
 c100cf4:	e92dd800 	push	{fp, ip, lr, pc}
 c100cf8:	e24cb004 	sub	fp, ip, #4
 c100cfc:	e24dd010 	sub	sp, sp, #16
 c100d00:	e14b01b6 	strh	r0, [fp, #-22]	; 0xffffffea
 c100d04:	e14b11b8 	strh	r1, [fp, #-24]	; 0xffffffe8
 c100d08:	e54b2019 	strb	r2, [fp, #-25]	; 0xffffffe7
 c100d0c:	e54b301a 	strb	r3, [fp, #-26]	; 0xffffffe6
	uint8 row, col;
	uint8 *bitmap;

	bitmap = font + ch*16;
 c100d10:	e55b301a 	ldrb	r3, [fp, #-26]	; 0xffffffe6
 c100d14:	e1a03203 	lsl	r3, r3, #4
 c100d18:	e1a02003 	mov	r2, r3
 c100d1c:	e59f312c 	ldr	r3, [pc, #300]	; c100e50 <lcd_putchar_x2+0x160>
 c100d20:	e0823003 	add	r3, r2, r3
 c100d24:	e50b3014 	str	r3, [fp, #-20]	; 0xffffffec
	for( row=0; row<16*2; row++)
 c100d28:	e3a03000 	mov	r3, #0
 c100d2c:	e54b300d 	strb	r3, [fp, #-13]
 c100d30:	ea000040 	b	c100e38 <lcd_putchar_x2+0x148>
		for( col=0; col<8*2; col++)
 c100d34:	e3a03000 	mov	r3, #0
 c100d38:	e54b300e 	strb	r3, [fp, #-14]
 c100d3c:	ea000037 	b	c100e20 <lcd_putchar_x2+0x130>
			if( bitmap[row/2] & (0x80 >> col/2) )
 c100d40:	e55b300d 	ldrb	r3, [fp, #-13]
 c100d44:	e1a030a3 	lsr	r3, r3, #1
 c100d48:	e20330ff 	and	r3, r3, #255	; 0xff
 c100d4c:	e51b2014 	ldr	r2, [fp, #-20]	; 0xffffffec
 c100d50:	e0823003 	add	r3, r2, r3
 c100d54:	e5d33000 	ldrb	r3, [r3]
 c100d58:	e1a02003 	mov	r2, r3
 c100d5c:	e55b300e 	ldrb	r3, [fp, #-14]
 c100d60:	e1a030a3 	lsr	r3, r3, #1
 c100d64:	e20330ff 	and	r3, r3, #255	; 0xff
 c100d68:	e3a01080 	mov	r1, #128	; 0x80
 c100d6c:	e1a03351 	asr	r3, r1, r3
 c100d70:	e0023003 	and	r3, r2, r3
 c100d74:	e3530000 	cmp	r3, #0
 c100d78:	0a000013 	beq	c100dcc <lcd_putchar_x2+0xdc>
				lcd_putpixel( x+col, y+row, color );
 c100d7c:	e55b300e 	ldrb	r3, [fp, #-14]
 c100d80:	e1a03803 	lsl	r3, r3, #16
 c100d84:	e1a02823 	lsr	r2, r3, #16
 c100d88:	e15b31b6 	ldrh	r3, [fp, #-22]	; 0xffffffea
 c100d8c:	e0823003 	add	r3, r2, r3
 c100d90:	e1a03803 	lsl	r3, r3, #16
 c100d94:	e1a01823 	lsr	r1, r3, #16
 c100d98:	e55b300d 	ldrb	r3, [fp, #-13]
 c100d9c:	e1a03803 	lsl	r3, r3, #16
 c100da0:	e1a02823 	lsr	r2, r3, #16
 c100da4:	e15b31b8 	ldrh	r3, [fp, #-24]	; 0xffffffe8
 c100da8:	e0823003 	add	r3, r2, r3
 c100dac:	e1a03803 	lsl	r3, r3, #16
 c100db0:	e1a02823 	lsr	r2, r3, #16
 c100db4:	e55b3019 	ldrb	r3, [fp, #-25]	; 0xffffffe7
 c100db8:	e1a00001 	mov	r0, r1
 c100dbc:	e1a01002 	mov	r1, r2
 c100dc0:	e1a02003 	mov	r2, r3
 c100dc4:	ebfffdec 	bl	c10057c <lcd_putpixel>
 c100dc8:	ea000011 	b	c100e14 <lcd_putchar_x2+0x124>
			else
				lcd_putpixel( x+col, y+row, WHITE );
 c100dcc:	e55b300e 	ldrb	r3, [fp, #-14]
 c100dd0:	e1a03803 	lsl	r3, r3, #16
 c100dd4:	e1a02823 	lsr	r2, r3, #16
 c100dd8:	e15b31b6 	ldrh	r3, [fp, #-22]	; 0xffffffea
 c100ddc:	e0823003 	add	r3, r2, r3
 c100de0:	e1a03803 	lsl	r3, r3, #16
 c100de4:	e1a02823 	lsr	r2, r3, #16
 c100de8:	e55b300d 	ldrb	r3, [fp, #-13]
 c100dec:	e1a03803 	lsl	r3, r3, #16
 c100df0:	e1a01823 	lsr	r1, r3, #16
 c100df4:	e15b31b8 	ldrh	r3, [fp, #-24]	; 0xffffffe8
 c100df8:	e0813003 	add	r3, r1, r3
 c100dfc:	e1a03803 	lsl	r3, r3, #16
 c100e00:	e1a03823 	lsr	r3, r3, #16
 c100e04:	e1a00002 	mov	r0, r2
 c100e08:	e1a01003 	mov	r1, r3
 c100e0c:	e3a02000 	mov	r2, #0
 c100e10:	ebfffdd9 	bl	c10057c <lcd_putpixel>
	uint8 row, col;
	uint8 *bitmap;

	bitmap = font + ch*16;
	for( row=0; row<16*2; row++)
		for( col=0; col<8*2; col++)
 c100e14:	e55b300e 	ldrb	r3, [fp, #-14]
 c100e18:	e2833001 	add	r3, r3, #1
 c100e1c:	e54b300e 	strb	r3, [fp, #-14]
 c100e20:	e55b300e 	ldrb	r3, [fp, #-14]
 c100e24:	e353000f 	cmp	r3, #15
 c100e28:	9affffc4 	bls	c100d40 <lcd_putchar_x2+0x50>
{
	uint8 row, col;
	uint8 *bitmap;

	bitmap = font + ch*16;
	for( row=0; row<16*2; row++)
 c100e2c:	e55b300d 	ldrb	r3, [fp, #-13]
 c100e30:	e2833001 	add	r3, r3, #1
 c100e34:	e54b300d 	strb	r3, [fp, #-13]
 c100e38:	e55b300d 	ldrb	r3, [fp, #-13]
 c100e3c:	e353001f 	cmp	r3, #31
 c100e40:	9affffbb 	bls	c100d34 <lcd_putchar_x2+0x44>
			if( bitmap[row/2] & (0x80 >> col/2) )
				lcd_putpixel( x+col, y+row, color );
			else
				lcd_putpixel( x+col, y+row, WHITE );

}
 c100e44:	e24bd00c 	sub	sp, fp, #12
 c100e48:	e89d6800 	ldm	sp, {fp, sp, lr}
 c100e4c:	e12fff1e 	bx	lr
 c100e50:	0c102180 	.word	0x0c102180

0c100e54 <lcd_puts_x2>:

void lcd_puts_x2( uint16 x, uint16 y, uint8 color, char *s )
{
 c100e54:	e1a0c00d 	mov	ip, sp
 c100e58:	e92dd800 	push	{fp, ip, lr, pc}
 c100e5c:	e24cb004 	sub	fp, ip, #4
 c100e60:	e24dd018 	sub	sp, sp, #24
 c100e64:	e50b3020 	str	r3, [fp, #-32]	; 0xffffffe0
 c100e68:	e14b01b6 	strh	r0, [fp, #-22]	; 0xffffffea
 c100e6c:	e14b11b8 	strh	r1, [fp, #-24]	; 0xffffffe8
 c100e70:	e1a03002 	mov	r3, r2
 c100e74:	e54b3019 	strb	r3, [fp, #-25]	; 0xffffffe7
	uint8 i = 0;
 c100e78:	e3a03000 	mov	r3, #0
 c100e7c:	e54b300d 	strb	r3, [fp, #-13]
	while (s[i] != '\0'){
 c100e80:	ea000013 	b	c100ed4 <lcd_puts_x2+0x80>
		lcd_putchar_x2(x + 16*i, y, color, s[i]);
 c100e84:	e55b300d 	ldrb	r3, [fp, #-13]
 c100e88:	e1a03803 	lsl	r3, r3, #16
 c100e8c:	e1a03823 	lsr	r3, r3, #16
 c100e90:	e1a03203 	lsl	r3, r3, #4
 c100e94:	e1a03803 	lsl	r3, r3, #16
 c100e98:	e1a02823 	lsr	r2, r3, #16
 c100e9c:	e15b31b6 	ldrh	r3, [fp, #-22]	; 0xffffffea
 c100ea0:	e0823003 	add	r3, r2, r3
 c100ea4:	e1a03803 	lsl	r3, r3, #16
 c100ea8:	e1a00823 	lsr	r0, r3, #16
 c100eac:	e55b300d 	ldrb	r3, [fp, #-13]
 c100eb0:	e51b2020 	ldr	r2, [fp, #-32]	; 0xffffffe0
 c100eb4:	e0823003 	add	r3, r2, r3
 c100eb8:	e5d33000 	ldrb	r3, [r3]
 c100ebc:	e15b11b8 	ldrh	r1, [fp, #-24]	; 0xffffffe8
 c100ec0:	e55b2019 	ldrb	r2, [fp, #-25]	; 0xffffffe7
 c100ec4:	ebffff89 	bl	c100cf0 <lcd_putchar_x2>
		i++;
 c100ec8:	e55b300d 	ldrb	r3, [fp, #-13]
 c100ecc:	e2833001 	add	r3, r3, #1
 c100ed0:	e54b300d 	strb	r3, [fp, #-13]
}

void lcd_puts_x2( uint16 x, uint16 y, uint8 color, char *s )
{
	uint8 i = 0;
	while (s[i] != '\0'){
 c100ed4:	e55b300d 	ldrb	r3, [fp, #-13]
 c100ed8:	e51b2020 	ldr	r2, [fp, #-32]	; 0xffffffe0
 c100edc:	e0823003 	add	r3, r2, r3
 c100ee0:	e5d33000 	ldrb	r3, [r3]
 c100ee4:	e3530000 	cmp	r3, #0
 c100ee8:	1affffe5 	bne	c100e84 <lcd_puts_x2+0x30>
		lcd_putchar_x2(x + 16*i, y, color, s[i]);
		i++;
	}
}
 c100eec:	e24bd00c 	sub	sp, fp, #12
 c100ef0:	e89d6800 	ldm	sp, {fp, sp, lr}
 c100ef4:	e12fff1e 	bx	lr

0c100ef8 <lcd_putint_x2>:

void lcd_putint_x2( uint16 x, uint16 y, uint8 color, int32 i )
{
 c100ef8:	e1a0c00d 	mov	ip, sp
 c100efc:	e92dd800 	push	{fp, ip, lr, pc}
 c100f00:	e24cb004 	sub	fp, ip, #4
 c100f04:	e24dd018 	sub	sp, sp, #24
 c100f08:	e50b3020 	str	r3, [fp, #-32]	; 0xffffffe0
 c100f0c:	e14b01b6 	strh	r0, [fp, #-22]	; 0xffffffea
 c100f10:	e14b11b8 	strh	r1, [fp, #-24]	; 0xffffffe8
 c100f14:	e1a03002 	mov	r3, r2
 c100f18:	e54b3019 	strb	r3, [fp, #-25]	; 0xffffffe7
	static char buf[10 + 2];
	char *p = buf + 10 + 1;
 c100f1c:	e59f3148 	ldr	r3, [pc, #328]	; c10106c <lcd_putint_x2+0x174>
 c100f20:	e50b3010 	str	r3, [fp, #-16]

	*p = '\0';
 c100f24:	e51b3010 	ldr	r3, [fp, #-16]
 c100f28:	e3a02000 	mov	r2, #0
 c100f2c:	e5c32000 	strb	r2, [r3]

	if( i >= 0 )
 c100f30:	e51b3020 	ldr	r3, [fp, #-32]	; 0xffffffe0
 c100f34:	e3530000 	cmp	r3, #0
 c100f38:	ba00001d 	blt	c100fb4 <lcd_putint_x2+0xbc>
	{
		do {
			*--p = '0' + (i % 10);
 c100f3c:	e51b3010 	ldr	r3, [fp, #-16]
 c100f40:	e2433001 	sub	r3, r3, #1
 c100f44:	e50b3010 	str	r3, [fp, #-16]
 c100f48:	e51b1020 	ldr	r1, [fp, #-32]	; 0xffffffe0
 c100f4c:	e59f311c 	ldr	r3, [pc, #284]	; c101070 <lcd_putint_x2+0x178>
 c100f50:	e0c32391 	smull	r2, r3, r1, r3
 c100f54:	e1a02143 	asr	r2, r3, #2
 c100f58:	e1a03fc1 	asr	r3, r1, #31
 c100f5c:	e0632002 	rsb	r2, r3, r2
 c100f60:	e1a03002 	mov	r3, r2
 c100f64:	e1a03103 	lsl	r3, r3, #2
 c100f68:	e0833002 	add	r3, r3, r2
 c100f6c:	e1a03083 	lsl	r3, r3, #1
 c100f70:	e0632001 	rsb	r2, r3, r1
 c100f74:	e20230ff 	and	r3, r2, #255	; 0xff
 c100f78:	e2833030 	add	r3, r3, #48	; 0x30
 c100f7c:	e20320ff 	and	r2, r3, #255	; 0xff
 c100f80:	e51b3010 	ldr	r3, [fp, #-16]
 c100f84:	e5c32000 	strb	r2, [r3]
			i /= 10;
 c100f88:	e51b3020 	ldr	r3, [fp, #-32]	; 0xffffffe0
 c100f8c:	e59f20dc 	ldr	r2, [pc, #220]	; c101070 <lcd_putint_x2+0x178>
 c100f90:	e0c21293 	smull	r1, r2, r3, r2
 c100f94:	e1a02142 	asr	r2, r2, #2
 c100f98:	e1a03fc3 	asr	r3, r3, #31
 c100f9c:	e0633002 	rsb	r3, r3, r2
 c100fa0:	e50b3020 	str	r3, [fp, #-32]	; 0xffffffe0
		} while( i );
 c100fa4:	e51b3020 	ldr	r3, [fp, #-32]	; 0xffffffe0
 c100fa8:	e3530000 	cmp	r3, #0
 c100fac:	1affffe2 	bne	c100f3c <lcd_putint_x2+0x44>
 c100fb0:	ea000022 	b	c101040 <lcd_putint_x2+0x148>
	}
	else
	{
		do {
			*--p = '0' - (i % 10);
 c100fb4:	e51b3010 	ldr	r3, [fp, #-16]
 c100fb8:	e2433001 	sub	r3, r3, #1
 c100fbc:	e50b3010 	str	r3, [fp, #-16]
 c100fc0:	e51b1020 	ldr	r1, [fp, #-32]	; 0xffffffe0
 c100fc4:	e59f30a4 	ldr	r3, [pc, #164]	; c101070 <lcd_putint_x2+0x178>
 c100fc8:	e0c32391 	smull	r2, r3, r1, r3
 c100fcc:	e1a02143 	asr	r2, r3, #2
 c100fd0:	e1a03fc1 	asr	r3, r1, #31
 c100fd4:	e0632002 	rsb	r2, r3, r2
 c100fd8:	e1a03002 	mov	r3, r2
 c100fdc:	e1a03103 	lsl	r3, r3, #2
 c100fe0:	e0833002 	add	r3, r3, r2
 c100fe4:	e1a03083 	lsl	r3, r3, #1
 c100fe8:	e0632001 	rsb	r2, r3, r1
 c100fec:	e20230ff 	and	r3, r2, #255	; 0xff
 c100ff0:	e2633030 	rsb	r3, r3, #48	; 0x30
 c100ff4:	e20320ff 	and	r2, r3, #255	; 0xff
 c100ff8:	e51b3010 	ldr	r3, [fp, #-16]
 c100ffc:	e5c32000 	strb	r2, [r3]
			i /= 10;
 c101000:	e51b3020 	ldr	r3, [fp, #-32]	; 0xffffffe0
 c101004:	e59f2064 	ldr	r2, [pc, #100]	; c101070 <lcd_putint_x2+0x178>
 c101008:	e0c21293 	smull	r1, r2, r3, r2
 c10100c:	e1a02142 	asr	r2, r2, #2
 c101010:	e1a03fc3 	asr	r3, r3, #31
 c101014:	e0633002 	rsb	r3, r3, r2
 c101018:	e50b3020 	str	r3, [fp, #-32]	; 0xffffffe0
		} while( i );
 c10101c:	e51b3020 	ldr	r3, [fp, #-32]	; 0xffffffe0
 c101020:	e3530000 	cmp	r3, #0
 c101024:	1affffe2 	bne	c100fb4 <lcd_putint_x2+0xbc>
		*--p = '-';
 c101028:	e51b3010 	ldr	r3, [fp, #-16]
 c10102c:	e2433001 	sub	r3, r3, #1
 c101030:	e50b3010 	str	r3, [fp, #-16]
 c101034:	e51b3010 	ldr	r3, [fp, #-16]
 c101038:	e3a0202d 	mov	r2, #45	; 0x2d
 c10103c:	e5c32000 	strb	r2, [r3]
	}

	lcd_puts_x2( x, y, color, p );
 c101040:	e15b11b6 	ldrh	r1, [fp, #-22]	; 0xffffffea
 c101044:	e15b21b8 	ldrh	r2, [fp, #-24]	; 0xffffffe8
 c101048:	e55b3019 	ldrb	r3, [fp, #-25]	; 0xffffffe7
 c10104c:	e1a00001 	mov	r0, r1
 c101050:	e1a01002 	mov	r1, r2
 c101054:	e1a02003 	mov	r2, r3
 c101058:	e51b3010 	ldr	r3, [fp, #-16]
 c10105c:	ebffff7c 	bl	c100e54 <lcd_puts_x2>
}
 c101060:	e24bd00c 	sub	sp, fp, #12
 c101064:	e89d6800 	ldm	sp, {fp, sp, lr}
 c101068:	e12fff1e 	bx	lr
 c10106c:	0c1031ab 	.word	0x0c1031ab
 c101070:	66666667 	.word	0x66666667

0c101074 <lcd_puthex_x2>:

void lcd_puthex_x2( uint16 x, uint16 y, uint8 color, uint32 i )
{
 c101074:	e1a0c00d 	mov	ip, sp
 c101078:	e92dd800 	push	{fp, ip, lr, pc}
 c10107c:	e24cb004 	sub	fp, ip, #4
 c101080:	e24dd018 	sub	sp, sp, #24
 c101084:	e50b3020 	str	r3, [fp, #-32]	; 0xffffffe0
 c101088:	e14b01b6 	strh	r0, [fp, #-22]	; 0xffffffea
 c10108c:	e14b11b8 	strh	r1, [fp, #-24]	; 0xffffffe8
 c101090:	e1a03002 	mov	r3, r2
 c101094:	e54b3019 	strb	r3, [fp, #-25]	; 0xffffffe7
	static char buf[8 + 1];
	char *p = buf + 8;
 c101098:	e59f30b0 	ldr	r3, [pc, #176]	; c101150 <lcd_puthex_x2+0xdc>
 c10109c:	e50b3010 	str	r3, [fp, #-16]
	uint8 c;

	*p = '\0';
 c1010a0:	e51b3010 	ldr	r3, [fp, #-16]
 c1010a4:	e3a02000 	mov	r2, #0
 c1010a8:	e5c32000 	strb	r2, [r3]

	do {
		c = i & 0xf;
 c1010ac:	e51b3020 	ldr	r3, [fp, #-32]	; 0xffffffe0
 c1010b0:	e20330ff 	and	r3, r3, #255	; 0xff
 c1010b4:	e203300f 	and	r3, r3, #15
 c1010b8:	e54b3011 	strb	r3, [fp, #-17]	; 0xffffffef
		if( c < 10 )
 c1010bc:	e55b3011 	ldrb	r3, [fp, #-17]	; 0xffffffef
 c1010c0:	e3530009 	cmp	r3, #9
 c1010c4:	8a000008 	bhi	c1010ec <lcd_puthex_x2+0x78>
			*--p = '0' + c;
 c1010c8:	e51b3010 	ldr	r3, [fp, #-16]
 c1010cc:	e2433001 	sub	r3, r3, #1
 c1010d0:	e50b3010 	str	r3, [fp, #-16]
 c1010d4:	e55b3011 	ldrb	r3, [fp, #-17]	; 0xffffffef
 c1010d8:	e2833030 	add	r3, r3, #48	; 0x30
 c1010dc:	e20320ff 	and	r2, r3, #255	; 0xff
 c1010e0:	e51b3010 	ldr	r3, [fp, #-16]
 c1010e4:	e5c32000 	strb	r2, [r3]
 c1010e8:	ea000007 	b	c10110c <lcd_puthex_x2+0x98>
		else
			*--p = 'a' + c - 10;
 c1010ec:	e51b3010 	ldr	r3, [fp, #-16]
 c1010f0:	e2433001 	sub	r3, r3, #1
 c1010f4:	e50b3010 	str	r3, [fp, #-16]
 c1010f8:	e55b3011 	ldrb	r3, [fp, #-17]	; 0xffffffef
 c1010fc:	e2833057 	add	r3, r3, #87	; 0x57
 c101100:	e20320ff 	and	r2, r3, #255	; 0xff
 c101104:	e51b3010 	ldr	r3, [fp, #-16]
 c101108:	e5c32000 	strb	r2, [r3]
		i = i >> 4;
 c10110c:	e51b3020 	ldr	r3, [fp, #-32]	; 0xffffffe0
 c101110:	e1a03223 	lsr	r3, r3, #4
 c101114:	e50b3020 	str	r3, [fp, #-32]	; 0xffffffe0
	} while( i );
 c101118:	e51b3020 	ldr	r3, [fp, #-32]	; 0xffffffe0
 c10111c:	e3530000 	cmp	r3, #0
 c101120:	1affffe1 	bne	c1010ac <lcd_puthex_x2+0x38>

	lcd_puts_x2( x, y, color, p );
 c101124:	e15b11b6 	ldrh	r1, [fp, #-22]	; 0xffffffea
 c101128:	e15b21b8 	ldrh	r2, [fp, #-24]	; 0xffffffe8
 c10112c:	e55b3019 	ldrb	r3, [fp, #-25]	; 0xffffffe7
 c101130:	e1a00001 	mov	r0, r1
 c101134:	e1a01002 	mov	r1, r2
 c101138:	e1a02003 	mov	r2, r3
 c10113c:	e51b3010 	ldr	r3, [fp, #-16]
 c101140:	ebffff43 	bl	c100e54 <lcd_puts_x2>
}
 c101144:	e24bd00c 	sub	sp, fp, #12
 c101148:	e89d6800 	ldm	sp, {fp, sp, lr}
 c10114c:	e12fff1e 	bx	lr
 c101150:	0c10319c 	.word	0x0c10319c

0c101154 <lcd_putWallpaper>:

void lcd_putWallpaper( uint8 *bmp )
{
 c101154:	e1a0c00d 	mov	ip, sp
 c101158:	e92dd800 	push	{fp, ip, lr, pc}
 c10115c:	e24cb004 	sub	fp, ip, #4
 c101160:	e24dd018 	sub	sp, sp, #24
 c101164:	e50b0020 	str	r0, [fp, #-32]	; 0xffffffe0
    uint32 headerSize;

    uint16 x, ySrc, yDst;
    uint16 offsetSrc, offsetDst;

    headerSize = bmp[10] + (bmp[11] << 8) + (bmp[12] << 16) + (bmp[13] << 24);
 c101168:	e51b3020 	ldr	r3, [fp, #-32]	; 0xffffffe0
 c10116c:	e283300a 	add	r3, r3, #10
 c101170:	e5d33000 	ldrb	r3, [r3]
 c101174:	e1a02003 	mov	r2, r3
 c101178:	e51b3020 	ldr	r3, [fp, #-32]	; 0xffffffe0
 c10117c:	e283300b 	add	r3, r3, #11
 c101180:	e5d33000 	ldrb	r3, [r3]
 c101184:	e1a03403 	lsl	r3, r3, #8
 c101188:	e0822003 	add	r2, r2, r3
 c10118c:	e51b3020 	ldr	r3, [fp, #-32]	; 0xffffffe0
 c101190:	e283300c 	add	r3, r3, #12
 c101194:	e5d33000 	ldrb	r3, [r3]
 c101198:	e1a03803 	lsl	r3, r3, #16
 c10119c:	e0822003 	add	r2, r2, r3
 c1011a0:	e51b3020 	ldr	r3, [fp, #-32]	; 0xffffffe0
 c1011a4:	e283300d 	add	r3, r3, #13
 c1011a8:	e5d33000 	ldrb	r3, [r3]
 c1011ac:	e1a03c03 	lsl	r3, r3, #24
 c1011b0:	e0823003 	add	r3, r2, r3
 c1011b4:	e50b3018 	str	r3, [fp, #-24]	; 0xffffffe8

    bmp = bmp + headerSize;
 c1011b8:	e51b2020 	ldr	r2, [fp, #-32]	; 0xffffffe0
 c1011bc:	e51b3018 	ldr	r3, [fp, #-24]	; 0xffffffe8
 c1011c0:	e0823003 	add	r3, r2, r3
 c1011c4:	e50b3020 	str	r3, [fp, #-32]	; 0xffffffe0
    
    for( ySrc=0, yDst=LCD_HEIGHT-1; ySrc<LCD_HEIGHT; ySrc++, yDst-- )                                                                       
 c1011c8:	e3a03000 	mov	r3, #0
 c1011cc:	e14b31b0 	strh	r3, [fp, #-16]
 c1011d0:	e3a030ef 	mov	r3, #239	; 0xef
 c1011d4:	e14b31b2 	strh	r3, [fp, #-18]	; 0xffffffee
 c1011d8:	ea00002d 	b	c101294 <lcd_putWallpaper+0x140>
    {
        offsetDst = yDst*LCD_WIDTH/2;
 c1011dc:	e15b21b2 	ldrh	r2, [fp, #-18]	; 0xffffffee
 c1011e0:	e1a03002 	mov	r3, r2
 c1011e4:	e1a03103 	lsl	r3, r3, #2
 c1011e8:	e0833002 	add	r3, r3, r2
 c1011ec:	e1a03303 	lsl	r3, r3, #6
 c1011f0:	e1a02fa3 	lsr	r2, r3, #31
 c1011f4:	e0823003 	add	r3, r2, r3
 c1011f8:	e1a030c3 	asr	r3, r3, #1
 c1011fc:	e14b31ba 	strh	r3, [fp, #-26]	; 0xffffffe6
        offsetSrc = ySrc*LCD_WIDTH/2;
 c101200:	e15b21b0 	ldrh	r2, [fp, #-16]
 c101204:	e1a03002 	mov	r3, r2
 c101208:	e1a03103 	lsl	r3, r3, #2
 c10120c:	e0833002 	add	r3, r3, r2
 c101210:	e1a03303 	lsl	r3, r3, #6
 c101214:	e1a02fa3 	lsr	r2, r3, #31
 c101218:	e0823003 	add	r3, r2, r3
 c10121c:	e1a030c3 	asr	r3, r3, #1
 c101220:	e14b31bc 	strh	r3, [fp, #-28]	; 0xffffffe4
        for( x=0; x<LCD_WIDTH/2; x++ )
 c101224:	e3a03000 	mov	r3, #0
 c101228:	e14b30be 	strh	r3, [fp, #-14]
 c10122c:	ea00000f 	b	c101270 <lcd_putWallpaper+0x11c>
            lcd_buffer[offsetDst+x] = ~bmp[offsetSrc+x];
 c101230:	e15b21ba 	ldrh	r2, [fp, #-26]	; 0xffffffe6
 c101234:	e15b30be 	ldrh	r3, [fp, #-14]
 c101238:	e0823003 	add	r3, r2, r3
 c10123c:	e15b11bc 	ldrh	r1, [fp, #-28]	; 0xffffffe4
 c101240:	e15b20be 	ldrh	r2, [fp, #-14]
 c101244:	e0812002 	add	r2, r1, r2
 c101248:	e51b1020 	ldr	r1, [fp, #-32]	; 0xffffffe0
 c10124c:	e0812002 	add	r2, r1, r2
 c101250:	e5d22000 	ldrb	r2, [r2]
 c101254:	e1e02002 	mvn	r2, r2
 c101258:	e20210ff 	and	r1, r2, #255	; 0xff
 c10125c:	e59f2048 	ldr	r2, [pc, #72]	; c1012ac <lcd_putWallpaper+0x158>
 c101260:	e7c21003 	strb	r1, [r2, r3]
    
    for( ySrc=0, yDst=LCD_HEIGHT-1; ySrc<LCD_HEIGHT; ySrc++, yDst-- )                                                                       
    {
        offsetDst = yDst*LCD_WIDTH/2;
        offsetSrc = ySrc*LCD_WIDTH/2;
        for( x=0; x<LCD_WIDTH/2; x++ )
 c101264:	e15b30be 	ldrh	r3, [fp, #-14]
 c101268:	e2833001 	add	r3, r3, #1
 c10126c:	e14b30be 	strh	r3, [fp, #-14]
 c101270:	e15b30be 	ldrh	r3, [fp, #-14]
 c101274:	e353009f 	cmp	r3, #159	; 0x9f
 c101278:	9affffec 	bls	c101230 <lcd_putWallpaper+0xdc>

    headerSize = bmp[10] + (bmp[11] << 8) + (bmp[12] << 16) + (bmp[13] << 24);

    bmp = bmp + headerSize;
    
    for( ySrc=0, yDst=LCD_HEIGHT-1; ySrc<LCD_HEIGHT; ySrc++, yDst-- )                                                                       
 c10127c:	e15b31b0 	ldrh	r3, [fp, #-16]
 c101280:	e2833001 	add	r3, r3, #1
 c101284:	e14b31b0 	strh	r3, [fp, #-16]
 c101288:	e15b31b2 	ldrh	r3, [fp, #-18]	; 0xffffffee
 c10128c:	e2433001 	sub	r3, r3, #1
 c101290:	e14b31b2 	strh	r3, [fp, #-18]	; 0xffffffee
 c101294:	e15b31b0 	ldrh	r3, [fp, #-16]
 c101298:	e35300ef 	cmp	r3, #239	; 0xef
 c10129c:	9affffce 	bls	c1011dc <lcd_putWallpaper+0x88>
        offsetDst = yDst*LCD_WIDTH/2;
        offsetSrc = ySrc*LCD_WIDTH/2;
        for( x=0; x<LCD_WIDTH/2; x++ )
            lcd_buffer[offsetDst+x] = ~bmp[offsetSrc+x];
    }
}
 c1012a0:	e24bd00c 	sub	sp, fp, #12
 c1012a4:	e89d6800 	ldm	sp, {fp, sp, lr}
 c1012a8:	e12fff1e 	bx	lr
 c1012ac:	0c1031c8 	.word	0x0c1031c8

0c1012b0 <sys_init>:
void isr_TS_dummy( void )       __attribute__ ((interrupt ("IRQ")));
void isr_KEYPAD_dummy( void ) 	__attribute__ ((interrupt ("IRQ"))); 
void isr_USB_dummy( void ) 		__attribute__ ((interrupt ("IRQ")));

void sys_init( void )
{
 c1012b0:	e1a0c00d 	mov	ip, sp
 c1012b4:	e92dd800 	push	{fp, ip, lr, pc}
 c1012b8:	e24cb004 	sub	fp, ip, #4
 c1012bc:	e24dd008 	sub	sp, sp, #8
    uint8 mode;

    WTCON  = 0;             // deshabilita el watchdog    
 c1012c0:	e59f30f4 	ldr	r3, [pc, #244]	; c1013bc <sys_init+0x10c>
 c1012c4:	e3a02000 	mov	r2, #0
 c1012c8:	e5832000 	str	r2, [r3]
    INTMSK = ~0;            // enmascara todas las interrupciones
 c1012cc:	e59f30ec 	ldr	r3, [pc, #236]	; c1013c0 <sys_init+0x110>
 c1012d0:	e3e02000 	mvn	r2, #0
 c1012d4:	e5832000 	str	r2, [r3]
    
    GET_OPMODE( &mode );    // lee el modo de ejecución del procesador
 c1012d8:	e10f0000 	mrs	r0, CPSR
 c1012dc:	e200001f 	and	r0, r0, #31
 c1012e0:	e54b000d 	strb	r0, [fp, #-13]
    if( mode != SVCMODE )
 c1012e4:	e55b300d 	ldrb	r3, [fp, #-13]
 c1012e8:	e3530013 	cmp	r3, #19
 c1012ec:	0a000000 	beq	c1012f4 <sys_init+0x44>
        sys_recovery();     // si no es SVC (por una reejecución de la aplicación tras una excepción sin reset HW previo) recupera el modo SVC y restaura las pilas del sistema
 c1012f0:	eb0002c0 	bl	c101df8 <sys_recovery>

    // Configuracion del gestor de reloj
    LOCKTIME = 0xfff;       // estabilizacion del PLL = 512 us
 c1012f4:	e59f30c8 	ldr	r3, [pc, #200]	; c1013c4 <sys_init+0x114>
 c1012f8:	e59f20c8 	ldr	r2, [pc, #200]	; c1013c8 <sys_init+0x118>
 c1012fc:	e5832000 	str	r2, [r3]
    PLLCON   = 0x38021;     // MCLK = 64MHz
 c101300:	e3a03776 	mov	r3, #30932992	; 0x1d80000
 c101304:	e59f20c0 	ldr	r2, [pc, #192]	; c1013cc <sys_init+0x11c>
 c101308:	e5832000 	str	r2, [r3]
    CLKSLOW  = 0x8;         // MCLK_SLOW = 500 KHz
 c10130c:	e59f30bc 	ldr	r3, [pc, #188]	; c1013d0 <sys_init+0x120>
 c101310:	e3a02008 	mov	r2, #8
 c101314:	e5832000 	str	r2, [r3]
    CLKCON   = 0x7ff8;      // modo NORMAL y reloj distribuido a todos los controladores
 c101318:	e59f30b4 	ldr	r3, [pc, #180]	; c1013d4 <sys_init+0x124>
 c10131c:	e59f20b4 	ldr	r2, [pc, #180]	; c1013d8 <sys_init+0x128>
 c101320:	e5832000 	str	r2, [r3]

    // Configuracion del arbitro de bus   
    SBUSCON = 0x8000001b;   // prioridad fija por defecto LCD > ZDMA > BDMA > IRQ
 c101324:	e3a03771 	mov	r3, #29622272	; 0x1c40000
 c101328:	e3a0216e 	mov	r2, #-2147483621	; 0x8000001b
 c10132c:	e5832000 	str	r2, [r3]
    
    // Configuracion de cache   
    SYSCFG = 0;             // deshabilitada
 c101330:	e3a03507 	mov	r3, #29360128	; 0x1c00000
 c101334:	e3a02000 	mov	r2, #0
 c101338:	e5832000 	str	r2, [r3]

    // Configuacion del controlador de interrupciones    
    I_PMST = 0x1f1b;        // prioridades fijas por defecto
 c10133c:	e59f3098 	ldr	r3, [pc, #152]	; c1013dc <sys_init+0x12c>
 c101340:	e59f2098 	ldr	r2, [pc, #152]	; c1013e0 <sys_init+0x130>
 c101344:	e5832000 	str	r2, [r3]
    I_PSLV = 0x1b1b1b1b;
 c101348:	e59f3094 	ldr	r3, [pc, #148]	; c1013e4 <sys_init+0x134>
 c10134c:	e59f2094 	ldr	r2, [pc, #148]	; c1013e8 <sys_init+0x138>
 c101350:	e5832000 	str	r2, [r3]
    INTMOD = 0;             // todas las interrupciones en modo IRQ
 c101354:	e59f3090 	ldr	r3, [pc, #144]	; c1013ec <sys_init+0x13c>
 c101358:	e3a02000 	mov	r2, #0
 c10135c:	e5832000 	str	r2, [r3]
    install_dummy_isr();    // instala rutinas de tratamiento por defecto para todas las interrupciones
 c101360:	eb000086 	bl	c101580 <install_dummy_isr>
    EXTINTPND = ~0;         // borra las interrupciones externas pendientes por linea EINT7..4
 c101364:	e59f3084 	ldr	r3, [pc, #132]	; c1013f0 <sys_init+0x140>
 c101368:	e3e02000 	mvn	r2, #0
 c10136c:	e5832000 	str	r2, [r3]
    I_ISPC = ~0;            // borra todas las interrupciones pendientes
 c101370:	e59f307c 	ldr	r3, [pc, #124]	; c1013f4 <sys_init+0x144>
 c101374:	e3e02000 	mvn	r2, #0
 c101378:	e5832000 	str	r2, [r3]
    INTCON = 1;             // IRQ vectorizadas, linea IRQ activada, linea FIQ desactivada
 c10137c:	e3a0361e 	mov	r3, #31457280	; 0x1e00000
 c101380:	e3a02001 	mov	r2, #1
 c101384:	e5832000 	str	r2, [r3]
    SET_IRQFLAG( 0 );       // Habilita IRQ en el procesador
 c101388:	e10f0000 	mrs	r0, CPSR
 c10138c:	e3c00080 	bic	r0, r0, #128	; 0x80
 c101390:	e3800000 	orr	r0, r0, #0
 c101394:	e121f000 	msr	CPSR_c, r0
    SET_FIQFLAG( 1 );       // Deshabilita FIQ en el procesador
 c101398:	e10f0000 	mrs	r0, CPSR
 c10139c:	e3c00040 	bic	r0, r0, #64	; 0x40
 c1013a0:	e3800040 	orr	r0, r0, #64	; 0x40
 c1013a4:	e121f000 	msr	CPSR_c, r0

    // Configuracion de puertos
    port_init();
 c1013a8:	eb000012 	bl	c1013f8 <port_init>
    
    // Configuracion de dispositivos
    segs_init();
 c1013ac:	eb000319 	bl	c102018 <segs_init>
}
 c1013b0:	e24bd00c 	sub	sp, fp, #12
 c1013b4:	e89d6800 	ldm	sp, {fp, sp, lr}
 c1013b8:	e12fff1e 	bx	lr
 c1013bc:	01d30000 	.word	0x01d30000
 c1013c0:	01e0000c 	.word	0x01e0000c
 c1013c4:	01d8000c 	.word	0x01d8000c
 c1013c8:	00000fff 	.word	0x00000fff
 c1013cc:	00038021 	.word	0x00038021
 c1013d0:	01d80008 	.word	0x01d80008
 c1013d4:	01d80004 	.word	0x01d80004
 c1013d8:	00007ff8 	.word	0x00007ff8
 c1013dc:	01e00014 	.word	0x01e00014
 c1013e0:	00001f1b 	.word	0x00001f1b
 c1013e4:	01e00010 	.word	0x01e00010
 c1013e8:	1b1b1b1b 	.word	0x1b1b1b1b
 c1013ec:	01e00008 	.word	0x01e00008
 c1013f0:	01d20054 	.word	0x01d20054
 c1013f4:	01e00024 	.word	0x01e00024

0c1013f8 <port_init>:

static inline void port_init( void )
{
 c1013f8:	e1a0c00d 	mov	ip, sp
 c1013fc:	e92dd800 	push	{fp, ip, lr, pc}
 c101400:	e24cb004 	sub	fp, ip, #4
	PDATA   = ~0;
 c101404:	e59f3100 	ldr	r3, [pc, #256]	; c10150c <port_init+0x114>
 c101408:	e3e02000 	mvn	r2, #0
 c10140c:	e5832000 	str	r2, [r3]
	PCONA 	= 0xFE;
 c101410:	e59f30f8 	ldr	r3, [pc, #248]	; c101510 <port_init+0x118>
 c101414:	e3a020fe 	mov	r2, #254	; 0xfe
 c101418:	e5832000 	str	r2, [r3]
	PDATB   = ~0;
 c10141c:	e59f30f0 	ldr	r3, [pc, #240]	; c101514 <port_init+0x11c>
 c101420:	e3e02000 	mvn	r2, #0
 c101424:	e5832000 	str	r2, [r3]
	PCONB 	= 0x14F;
 c101428:	e59f30e8 	ldr	r3, [pc, #232]	; c101518 <port_init+0x120>
 c10142c:	e59f20e8 	ldr	r2, [pc, #232]	; c10151c <port_init+0x124>
 c101430:	e5832000 	str	r2, [r3]
	PDATC   = ~0;
 c101434:	e59f30e4 	ldr	r3, [pc, #228]	; c101520 <port_init+0x128>
 c101438:	e3e02000 	mvn	r2, #0
 c10143c:	e5832000 	str	r2, [r3]
	PCONC 	= 0x5FF555FF;
 c101440:	e59f30dc 	ldr	r3, [pc, #220]	; c101524 <port_init+0x12c>
 c101444:	e59f20dc 	ldr	r2, [pc, #220]	; c101528 <port_init+0x130>
 c101448:	e5832000 	str	r2, [r3]
	PUPC 	= 0x94FB;
 c10144c:	e59f30d8 	ldr	r3, [pc, #216]	; c10152c <port_init+0x134>
 c101450:	e59f20d8 	ldr	r2, [pc, #216]	; c101530 <port_init+0x138>
 c101454:	e5832000 	str	r2, [r3]
	PDATD   = ~0;
 c101458:	e59f30d4 	ldr	r3, [pc, #212]	; c101534 <port_init+0x13c>
 c10145c:	e3e02000 	mvn	r2, #0
 c101460:	e5832000 	str	r2, [r3]
	PCOND 	= 0xAAAA;
 c101464:	e59f30cc 	ldr	r3, [pc, #204]	; c101538 <port_init+0x140>
 c101468:	e59f20cc 	ldr	r2, [pc, #204]	; c10153c <port_init+0x144>
 c10146c:	e5832000 	str	r2, [r3]
	PUPD 	= 0xFF;
 c101470:	e59f30c8 	ldr	r3, [pc, #200]	; c101540 <port_init+0x148>
 c101474:	e3a020ff 	mov	r2, #255	; 0xff
 c101478:	e5832000 	str	r2, [r3]
	PDATE   = ~0;
 c10147c:	e59f30c0 	ldr	r3, [pc, #192]	; c101544 <port_init+0x14c>
 c101480:	e3e02000 	mvn	r2, #0
 c101484:	e5832000 	str	r2, [r3]
	PCONE 	= 0x255A9;
 c101488:	e59f30b8 	ldr	r3, [pc, #184]	; c101548 <port_init+0x150>
 c10148c:	e59f20b8 	ldr	r2, [pc, #184]	; c10154c <port_init+0x154>
 c101490:	e5832000 	str	r2, [r3]
	PUPE 	= 0xFB;
 c101494:	e59f30b4 	ldr	r3, [pc, #180]	; c101550 <port_init+0x158>
 c101498:	e3a020fb 	mov	r2, #251	; 0xfb
 c10149c:	e5832000 	str	r2, [r3]
	PDATF   = ~0;
 c1014a0:	e59f30ac 	ldr	r3, [pc, #172]	; c101554 <port_init+0x15c>
 c1014a4:	e3e02000 	mvn	r2, #0
 c1014a8:	e5832000 	str	r2, [r3]
	PCONF 	= 0x251A;
 c1014ac:	e59f30a4 	ldr	r3, [pc, #164]	; c101558 <port_init+0x160>
 c1014b0:	e59f20a4 	ldr	r2, [pc, #164]	; c10155c <port_init+0x164>
 c1014b4:	e5832000 	str	r2, [r3]
	PUPF 	= 0x74;
 c1014b8:	e59f30a0 	ldr	r3, [pc, #160]	; c101560 <port_init+0x168>
 c1014bc:	e3a02074 	mov	r2, #116	; 0x74
 c1014c0:	e5832000 	str	r2, [r3]
	PDATG   = ~0;
 c1014c4:	e59f3098 	ldr	r3, [pc, #152]	; c101564 <port_init+0x16c>
 c1014c8:	e3e02000 	mvn	r2, #0
 c1014cc:	e5832000 	str	r2, [r3]
	PCONG 	= 0xF5FF;
 c1014d0:	e59f3090 	ldr	r3, [pc, #144]	; c101568 <port_init+0x170>
 c1014d4:	e59f2090 	ldr	r2, [pc, #144]	; c10156c <port_init+0x174>
 c1014d8:	e5832000 	str	r2, [r3]
	PUPG 	= 0x30;
 c1014dc:	e59f308c 	ldr	r3, [pc, #140]	; c101570 <port_init+0x178>
 c1014e0:	e3a02030 	mov	r2, #48	; 0x30
 c1014e4:	e5832000 	str	r2, [r3]
	SPUCR 	= 0x7;
 c1014e8:	e59f3084 	ldr	r3, [pc, #132]	; c101574 <port_init+0x17c>
 c1014ec:	e3a02007 	mov	r2, #7
 c1014f0:	e5832000 	str	r2, [r3]
	EXTINT	= 0x22000220;
 c1014f4:	e59f307c 	ldr	r3, [pc, #124]	; c101578 <port_init+0x180>
 c1014f8:	e59f207c 	ldr	r2, [pc, #124]	; c10157c <port_init+0x184>
 c1014fc:	e5832000 	str	r2, [r3]
}
 c101500:	e24bd00c 	sub	sp, fp, #12
 c101504:	e89d6800 	ldm	sp, {fp, sp, lr}
 c101508:	e12fff1e 	bx	lr
 c10150c:	01d20004 	.word	0x01d20004
 c101510:	01d20000 	.word	0x01d20000
 c101514:	01d2000c 	.word	0x01d2000c
 c101518:	01d20008 	.word	0x01d20008
 c10151c:	0000014f 	.word	0x0000014f
 c101520:	01d20014 	.word	0x01d20014
 c101524:	01d20010 	.word	0x01d20010
 c101528:	5ff555ff 	.word	0x5ff555ff
 c10152c:	01d20018 	.word	0x01d20018
 c101530:	000094fb 	.word	0x000094fb
 c101534:	01d20020 	.word	0x01d20020
 c101538:	01d2001c 	.word	0x01d2001c
 c10153c:	0000aaaa 	.word	0x0000aaaa
 c101540:	01d20024 	.word	0x01d20024
 c101544:	01d2002c 	.word	0x01d2002c
 c101548:	01d20028 	.word	0x01d20028
 c10154c:	000255a9 	.word	0x000255a9
 c101550:	01d20030 	.word	0x01d20030
 c101554:	01d20038 	.word	0x01d20038
 c101558:	01d20034 	.word	0x01d20034
 c10155c:	0000251a 	.word	0x0000251a
 c101560:	01d2003c 	.word	0x01d2003c
 c101564:	01d20044 	.word	0x01d20044
 c101568:	01d20040 	.word	0x01d20040
 c10156c:	0000f5ff 	.word	0x0000f5ff
 c101570:	01d20048 	.word	0x01d20048
 c101574:	01d2004c 	.word	0x01d2004c
 c101578:	01d20050 	.word	0x01d20050
 c10157c:	22000220 	.word	0x22000220

0c101580 <install_dummy_isr>:

static inline void install_dummy_isr( void )
{ 
 c101580:	e1a0c00d 	mov	ip, sp
 c101584:	e92dd800 	push	{fp, ip, lr, pc}
 c101588:	e24cb004 	sub	fp, ip, #4
	pISR_SWI = 	  	(uint32) isr_SWI_dummy;
 c10158c:	e59f3184 	ldr	r3, [pc, #388]	; c101718 <install_dummy_isr+0x198>
 c101590:	e59f2184 	ldr	r2, [pc, #388]	; c10171c <install_dummy_isr+0x19c>
 c101594:	e5832000 	str	r2, [r3]
	pISR_UNDEF =  	(uint32) isr_UNDEF_dummy;
 c101598:	e59f3180 	ldr	r3, [pc, #384]	; c101720 <install_dummy_isr+0x1a0>
 c10159c:	e59f2180 	ldr	r2, [pc, #384]	; c101724 <install_dummy_isr+0x1a4>
 c1015a0:	e5832000 	str	r2, [r3]
	pISR_IRQ =    	(uint32) isr_IRQ_dummy;
 c1015a4:	e59f317c 	ldr	r3, [pc, #380]	; c101728 <install_dummy_isr+0x1a8>
 c1015a8:	e59f217c 	ldr	r2, [pc, #380]	; c10172c <install_dummy_isr+0x1ac>
 c1015ac:	e5832000 	str	r2, [r3]
	pISR_FIQ = 	  	(uint32) isr_FIQ_dummy;
 c1015b0:	e59f3178 	ldr	r3, [pc, #376]	; c101730 <install_dummy_isr+0x1b0>
 c1015b4:	e59f2178 	ldr	r2, [pc, #376]	; c101734 <install_dummy_isr+0x1b4>
 c1015b8:	e5832000 	str	r2, [r3]
	pISR_PABORT = 	(uint32) isr_PABORT_dummy;
 c1015bc:	e59f3174 	ldr	r3, [pc, #372]	; c101738 <install_dummy_isr+0x1b8>
 c1015c0:	e59f2174 	ldr	r2, [pc, #372]	; c10173c <install_dummy_isr+0x1bc>
 c1015c4:	e5832000 	str	r2, [r3]
	pISR_DABORT = 	(uint32) isr_DABORT_dummy;
 c1015c8:	e59f3170 	ldr	r3, [pc, #368]	; c101740 <install_dummy_isr+0x1c0>
 c1015cc:	e59f2170 	ldr	r2, [pc, #368]	; c101744 <install_dummy_isr+0x1c4>
 c1015d0:	e5832000 	str	r2, [r3]
	pISR_ADC = 	  	(uint32) isr_ADC_dummy;
 c1015d4:	e59f316c 	ldr	r3, [pc, #364]	; c101748 <install_dummy_isr+0x1c8>
 c1015d8:	e59f216c 	ldr	r2, [pc, #364]	; c10174c <install_dummy_isr+0x1cc>
 c1015dc:	e5832000 	str	r2, [r3]
	pISR_RTC = 	  	(uint32) isr_RTC_dummy;
 c1015e0:	e59f3168 	ldr	r3, [pc, #360]	; c101750 <install_dummy_isr+0x1d0>
 c1015e4:	e59f2168 	ldr	r2, [pc, #360]	; c101754 <install_dummy_isr+0x1d4>
 c1015e8:	e5832000 	str	r2, [r3]
	pISR_UTXD1 =  	(uint32) isr_UTXD1_dummy;
 c1015ec:	e59f3164 	ldr	r3, [pc, #356]	; c101758 <install_dummy_isr+0x1d8>
 c1015f0:	e59f2164 	ldr	r2, [pc, #356]	; c10175c <install_dummy_isr+0x1dc>
 c1015f4:	e5832000 	str	r2, [r3]
	pISR_UTXD0 =  	(uint32) isr_UTXD0_dummy;
 c1015f8:	e59f3160 	ldr	r3, [pc, #352]	; c101760 <install_dummy_isr+0x1e0>
 c1015fc:	e59f2160 	ldr	r2, [pc, #352]	; c101764 <install_dummy_isr+0x1e4>
 c101600:	e5832000 	str	r2, [r3]
	pISR_SIO =    	(uint32) isr_SIO_dummy;
 c101604:	e59f315c 	ldr	r3, [pc, #348]	; c101768 <install_dummy_isr+0x1e8>
 c101608:	e59f215c 	ldr	r2, [pc, #348]	; c10176c <install_dummy_isr+0x1ec>
 c10160c:	e5832000 	str	r2, [r3]
	pISR_IIC =    	(uint32) isr_IIC_dummy;
 c101610:	e59f3158 	ldr	r3, [pc, #344]	; c101770 <install_dummy_isr+0x1f0>
 c101614:	e59f2158 	ldr	r2, [pc, #344]	; c101774 <install_dummy_isr+0x1f4>
 c101618:	e5832000 	str	r2, [r3]
	pISR_URXD1 =  	(uint32) isr_URXD1_dummy;
 c10161c:	e59f3154 	ldr	r3, [pc, #340]	; c101778 <install_dummy_isr+0x1f8>
 c101620:	e59f2154 	ldr	r2, [pc, #340]	; c10177c <install_dummy_isr+0x1fc>
 c101624:	e5832000 	str	r2, [r3]
	pISR_URXD0 =  	(uint32) isr_URXD0_dummy;
 c101628:	e59f3150 	ldr	r3, [pc, #336]	; c101780 <install_dummy_isr+0x200>
 c10162c:	e59f2150 	ldr	r2, [pc, #336]	; c101784 <install_dummy_isr+0x204>
 c101630:	e5832000 	str	r2, [r3]
	pISR_TIMER5 = 	(uint32) isr_TIMER5_dummy;
 c101634:	e59f314c 	ldr	r3, [pc, #332]	; c101788 <install_dummy_isr+0x208>
 c101638:	e59f214c 	ldr	r2, [pc, #332]	; c10178c <install_dummy_isr+0x20c>
 c10163c:	e5832000 	str	r2, [r3]
	pISR_TIMER4 = 	(uint32) isr_TIMER4_dummy;
 c101640:	e59f3148 	ldr	r3, [pc, #328]	; c101790 <install_dummy_isr+0x210>
 c101644:	e59f2148 	ldr	r2, [pc, #328]	; c101794 <install_dummy_isr+0x214>
 c101648:	e5832000 	str	r2, [r3]
	pISR_TIMER3 = 	(uint32) isr_TIMER3_dummy;	
 c10164c:	e59f3144 	ldr	r3, [pc, #324]	; c101798 <install_dummy_isr+0x218>
 c101650:	e59f2144 	ldr	r2, [pc, #324]	; c10179c <install_dummy_isr+0x21c>
 c101654:	e5832000 	str	r2, [r3]
	pISR_TIMER2 = 	(uint32) isr_TIMER2_dummy;
 c101658:	e59f3140 	ldr	r3, [pc, #320]	; c1017a0 <install_dummy_isr+0x220>
 c10165c:	e59f2140 	ldr	r2, [pc, #320]	; c1017a4 <install_dummy_isr+0x224>
 c101660:	e5832000 	str	r2, [r3]
	pISR_TIMER1 = 	(uint32) isr_TIMER1_dummy;	
 c101664:	e59f313c 	ldr	r3, [pc, #316]	; c1017a8 <install_dummy_isr+0x228>
 c101668:	e59f213c 	ldr	r2, [pc, #316]	; c1017ac <install_dummy_isr+0x22c>
 c10166c:	e5832000 	str	r2, [r3]
	pISR_TIMER0 = 	(uint32) isr_TIMER0_dummy;
 c101670:	e59f3138 	ldr	r3, [pc, #312]	; c1017b0 <install_dummy_isr+0x230>
 c101674:	e59f2138 	ldr	r2, [pc, #312]	; c1017b4 <install_dummy_isr+0x234>
 c101678:	e5832000 	str	r2, [r3]
	pISR_UERR01 = 	(uint32) isr_UERR01_dummy;
 c10167c:	e59f3134 	ldr	r3, [pc, #308]	; c1017b8 <install_dummy_isr+0x238>
 c101680:	e59f2134 	ldr	r2, [pc, #308]	; c1017bc <install_dummy_isr+0x23c>
 c101684:	e5832000 	str	r2, [r3]
	pISR_WDT =    	(uint32) isr_WDT_dummy;
 c101688:	e59f3130 	ldr	r3, [pc, #304]	; c1017c0 <install_dummy_isr+0x240>
 c10168c:	e59f2130 	ldr	r2, [pc, #304]	; c1017c4 <install_dummy_isr+0x244>
 c101690:	e5832000 	str	r2, [r3]
	pISR_BDMA1 =  	(uint32) isr_BDMA1_dummy;
 c101694:	e59f312c 	ldr	r3, [pc, #300]	; c1017c8 <install_dummy_isr+0x248>
 c101698:	e59f212c 	ldr	r2, [pc, #300]	; c1017cc <install_dummy_isr+0x24c>
 c10169c:	e5832000 	str	r2, [r3]
	pISR_BDMA0 =  	(uint32) isr_BDMA0_dummy;
 c1016a0:	e59f3128 	ldr	r3, [pc, #296]	; c1017d0 <install_dummy_isr+0x250>
 c1016a4:	e59f2128 	ldr	r2, [pc, #296]	; c1017d4 <install_dummy_isr+0x254>
 c1016a8:	e5832000 	str	r2, [r3]
	pISR_ZDMA1 =  	(uint32) isr_ZDMA1_dummy;
 c1016ac:	e59f3124 	ldr	r3, [pc, #292]	; c1017d8 <install_dummy_isr+0x258>
 c1016b0:	e59f2124 	ldr	r2, [pc, #292]	; c1017dc <install_dummy_isr+0x25c>
 c1016b4:	e5832000 	str	r2, [r3]
	pISR_ZDMA0 =  	(uint32) isr_ZDMA0_dummy;
 c1016b8:	e59f3120 	ldr	r3, [pc, #288]	; c1017e0 <install_dummy_isr+0x260>
 c1016bc:	e59f2120 	ldr	r2, [pc, #288]	; c1017e4 <install_dummy_isr+0x264>
 c1016c0:	e5832000 	str	r2, [r3]
	pISR_TICK =   	(uint32) isr_TICK_dummy;
 c1016c4:	e59f311c 	ldr	r3, [pc, #284]	; c1017e8 <install_dummy_isr+0x268>
 c1016c8:	e59f211c 	ldr	r2, [pc, #284]	; c1017ec <install_dummy_isr+0x26c>
 c1016cc:	e5832000 	str	r2, [r3]
	pISR_PB =       (uint32) isr_PB_dummy;
 c1016d0:	e59f3118 	ldr	r3, [pc, #280]	; c1017f0 <install_dummy_isr+0x270>
 c1016d4:	e59f2118 	ldr	r2, [pc, #280]	; c1017f4 <install_dummy_isr+0x274>
 c1016d8:	e5832000 	str	r2, [r3]
	pISR_ETHERNET = (uint32) isr_ETHERNET_dummy;
 c1016dc:	e59f3114 	ldr	r3, [pc, #276]	; c1017f8 <install_dummy_isr+0x278>
 c1016e0:	e59f2114 	ldr	r2, [pc, #276]	; c1017fc <install_dummy_isr+0x27c>
 c1016e4:	e5832000 	str	r2, [r3]
	pISR_TS =       (uint32) isr_TS_dummy;
 c1016e8:	e59f3110 	ldr	r3, [pc, #272]	; c101800 <install_dummy_isr+0x280>
 c1016ec:	e59f2110 	ldr	r2, [pc, #272]	; c101804 <install_dummy_isr+0x284>
 c1016f0:	e5832000 	str	r2, [r3]
	pISR_KEYPAD = 	(uint32) isr_KEYPAD_dummy;
 c1016f4:	e59f310c 	ldr	r3, [pc, #268]	; c101808 <install_dummy_isr+0x288>
 c1016f8:	e59f210c 	ldr	r2, [pc, #268]	; c10180c <install_dummy_isr+0x28c>
 c1016fc:	e5832000 	str	r2, [r3]
	pISR_USB = 		(uint32) isr_USB_dummy;
 c101700:	e59f3108 	ldr	r3, [pc, #264]	; c101810 <install_dummy_isr+0x290>
 c101704:	e59f2108 	ldr	r2, [pc, #264]	; c101814 <install_dummy_isr+0x294>
 c101708:	e5832000 	str	r2, [r3]
}        
 c10170c:	e24bd00c 	sub	sp, fp, #12
 c101710:	e89d6800 	ldm	sp, {fp, sp, lr}
 c101714:	e12fff1e 	bx	lr
 c101718:	0c7fff08 	.word	0x0c7fff08
 c10171c:	0c101818 	.word	0x0c101818
 c101720:	0c7fff04 	.word	0x0c7fff04
 c101724:	0c101840 	.word	0x0c101840
 c101728:	0c7fff18 	.word	0x0c7fff18
 c10172c:	0c101868 	.word	0x0c101868
 c101730:	0c7fff1c 	.word	0x0c7fff1c
 c101734:	0c101890 	.word	0x0c101890
 c101738:	0c7fff0c 	.word	0x0c7fff0c
 c10173c:	0c1018b8 	.word	0x0c1018b8
 c101740:	0c7fff10 	.word	0x0c7fff10
 c101744:	0c1018e0 	.word	0x0c1018e0
 c101748:	0c7fff20 	.word	0x0c7fff20
 c10174c:	0c101908 	.word	0x0c101908
 c101750:	0c7fff24 	.word	0x0c7fff24
 c101754:	0c101930 	.word	0x0c101930
 c101758:	0c7fff28 	.word	0x0c7fff28
 c10175c:	0c101958 	.word	0x0c101958
 c101760:	0c7fff2c 	.word	0x0c7fff2c
 c101764:	0c101980 	.word	0x0c101980
 c101768:	0c7fff30 	.word	0x0c7fff30
 c10176c:	0c1019a8 	.word	0x0c1019a8
 c101770:	0c7fff34 	.word	0x0c7fff34
 c101774:	0c1019d0 	.word	0x0c1019d0
 c101778:	0c7fff38 	.word	0x0c7fff38
 c10177c:	0c1019f8 	.word	0x0c1019f8
 c101780:	0c7fff3c 	.word	0x0c7fff3c
 c101784:	0c101a20 	.word	0x0c101a20
 c101788:	0c7fff40 	.word	0x0c7fff40
 c10178c:	0c101a48 	.word	0x0c101a48
 c101790:	0c7fff44 	.word	0x0c7fff44
 c101794:	0c101a70 	.word	0x0c101a70
 c101798:	0c7fff48 	.word	0x0c7fff48
 c10179c:	0c101a98 	.word	0x0c101a98
 c1017a0:	0c7fff4c 	.word	0x0c7fff4c
 c1017a4:	0c101ac0 	.word	0x0c101ac0
 c1017a8:	0c7fff50 	.word	0x0c7fff50
 c1017ac:	0c101ae8 	.word	0x0c101ae8
 c1017b0:	0c7fff54 	.word	0x0c7fff54
 c1017b4:	0c101b10 	.word	0x0c101b10
 c1017b8:	0c7fff58 	.word	0x0c7fff58
 c1017bc:	0c101b38 	.word	0x0c101b38
 c1017c0:	0c7fff5c 	.word	0x0c7fff5c
 c1017c4:	0c101b60 	.word	0x0c101b60
 c1017c8:	0c7fff60 	.word	0x0c7fff60
 c1017cc:	0c101b88 	.word	0x0c101b88
 c1017d0:	0c7fff64 	.word	0x0c7fff64
 c1017d4:	0c101bb0 	.word	0x0c101bb0
 c1017d8:	0c7fff68 	.word	0x0c7fff68
 c1017dc:	0c101bd8 	.word	0x0c101bd8
 c1017e0:	0c7fff6c 	.word	0x0c7fff6c
 c1017e4:	0c101c00 	.word	0x0c101c00
 c1017e8:	0c7fff70 	.word	0x0c7fff70
 c1017ec:	0c101c28 	.word	0x0c101c28
 c1017f0:	0c7fff74 	.word	0x0c7fff74
 c1017f4:	0c101c50 	.word	0x0c101c50
 c1017f8:	0c7fff78 	.word	0x0c7fff78
 c1017fc:	0c101c78 	.word	0x0c101c78
 c101800:	0c7fff7c 	.word	0x0c7fff7c
 c101804:	0c101ca0 	.word	0x0c101ca0
 c101808:	0c7fff80 	.word	0x0c7fff80
 c10180c:	0c101cc8 	.word	0x0c101cc8
 c101810:	0c7fff84 	.word	0x0c7fff84
 c101814:	0c101cf0 	.word	0x0c101cf0

0c101818 <isr_SWI_dummy>:

void isr_SWI_dummy( void )
{
 c101818:	e52dc004 	push	{ip}		; (str ip, [sp, #-4]!)
 c10181c:	e1a0c00d 	mov	ip, sp
 c101820:	e92dd80f 	push	{r0, r1, r2, r3, fp, ip, lr, pc}
 c101824:	e24cb004 	sub	fp, ip, #4
    fatalerror( 0 );
 c101828:	e3a00000 	mov	r0, #0
 c10182c:	eb000139 	bl	c101d18 <fatalerror>
}
 c101830:	e24bd01c 	sub	sp, fp, #28
 c101834:	e89d680f 	ldm	sp, {r0, r1, r2, r3, fp, sp, lr}
 c101838:	e49dc004 	pop	{ip}		; (ldr ip, [sp], #4)
 c10183c:	e1b0f00e 	movs	pc, lr

0c101840 <isr_UNDEF_dummy>:

void isr_UNDEF_dummy( void )
{
 c101840:	e52dc004 	push	{ip}		; (str ip, [sp, #-4]!)
 c101844:	e1a0c00d 	mov	ip, sp
 c101848:	e92dd80f 	push	{r0, r1, r2, r3, fp, ip, lr, pc}
 c10184c:	e24cb004 	sub	fp, ip, #4
	fatalerror( 1 );
 c101850:	e3a00001 	mov	r0, #1
 c101854:	eb00012f 	bl	c101d18 <fatalerror>
}
 c101858:	e24bd01c 	sub	sp, fp, #28
 c10185c:	e89d680f 	ldm	sp, {r0, r1, r2, r3, fp, sp, lr}
 c101860:	e49dc004 	pop	{ip}		; (ldr ip, [sp], #4)
 c101864:	e1b0f00e 	movs	pc, lr

0c101868 <isr_IRQ_dummy>:

void isr_IRQ_dummy( void )
{
 c101868:	e52dc004 	push	{ip}		; (str ip, [sp, #-4]!)
 c10186c:	e1a0c00d 	mov	ip, sp
 c101870:	e92dd80f 	push	{r0, r1, r2, r3, fp, ip, lr, pc}
 c101874:	e24cb004 	sub	fp, ip, #4
	fatalerror( 2 );
 c101878:	e3a00002 	mov	r0, #2
 c10187c:	eb000125 	bl	c101d18 <fatalerror>
}
 c101880:	e24bd01c 	sub	sp, fp, #28
 c101884:	e89d680f 	ldm	sp, {r0, r1, r2, r3, fp, sp, lr}
 c101888:	e49dc004 	pop	{ip}		; (ldr ip, [sp], #4)
 c10188c:	e25ef004 	subs	pc, lr, #4

0c101890 <isr_FIQ_dummy>:

void isr_FIQ_dummy( void )
{
 c101890:	e52dc004 	push	{ip}		; (str ip, [sp, #-4]!)
 c101894:	e1a0c00d 	mov	ip, sp
 c101898:	e92dd80f 	push	{r0, r1, r2, r3, fp, ip, lr, pc}
 c10189c:	e24cb004 	sub	fp, ip, #4
	fatalerror( 3 );
 c1018a0:	e3a00003 	mov	r0, #3
 c1018a4:	eb00011b 	bl	c101d18 <fatalerror>
}
 c1018a8:	e24bd01c 	sub	sp, fp, #28
 c1018ac:	e89d680f 	ldm	sp, {r0, r1, r2, r3, fp, sp, lr}
 c1018b0:	e49dc004 	pop	{ip}		; (ldr ip, [sp], #4)
 c1018b4:	e25ef004 	subs	pc, lr, #4

0c1018b8 <isr_PABORT_dummy>:

void isr_PABORT_dummy( void )
{
 c1018b8:	e52dc004 	push	{ip}		; (str ip, [sp, #-4]!)
 c1018bc:	e1a0c00d 	mov	ip, sp
 c1018c0:	e92dd80f 	push	{r0, r1, r2, r3, fp, ip, lr, pc}
 c1018c4:	e24cb004 	sub	fp, ip, #4
    fatalerror( 4 );
 c1018c8:	e3a00004 	mov	r0, #4
 c1018cc:	eb000111 	bl	c101d18 <fatalerror>
}
 c1018d0:	e24bd01c 	sub	sp, fp, #28
 c1018d4:	e89d680f 	ldm	sp, {r0, r1, r2, r3, fp, sp, lr}
 c1018d8:	e49dc004 	pop	{ip}		; (ldr ip, [sp], #4)
 c1018dc:	e25ef004 	subs	pc, lr, #4

0c1018e0 <isr_DABORT_dummy>:

void isr_DABORT_dummy( void )
{
 c1018e0:	e52dc004 	push	{ip}		; (str ip, [sp, #-4]!)
 c1018e4:	e1a0c00d 	mov	ip, sp
 c1018e8:	e92dd80f 	push	{r0, r1, r2, r3, fp, ip, lr, pc}
 c1018ec:	e24cb004 	sub	fp, ip, #4
    fatalerror( 5 );
 c1018f0:	e3a00005 	mov	r0, #5
 c1018f4:	eb000107 	bl	c101d18 <fatalerror>
}
 c1018f8:	e24bd01c 	sub	sp, fp, #28
 c1018fc:	e89d680f 	ldm	sp, {r0, r1, r2, r3, fp, sp, lr}
 c101900:	e49dc004 	pop	{ip}		; (ldr ip, [sp], #4)
 c101904:	e25ef004 	subs	pc, lr, #4

0c101908 <isr_ADC_dummy>:

void isr_ADC_dummy( void )
{
 c101908:	e52dc004 	push	{ip}		; (str ip, [sp, #-4]!)
 c10190c:	e1a0c00d 	mov	ip, sp
 c101910:	e92dd80f 	push	{r0, r1, r2, r3, fp, ip, lr, pc}
 c101914:	e24cb004 	sub	fp, ip, #4
	fatalerror( 11 );
 c101918:	e3a0000b 	mov	r0, #11
 c10191c:	eb0000fd 	bl	c101d18 <fatalerror>
}
 c101920:	e24bd01c 	sub	sp, fp, #28
 c101924:	e89d680f 	ldm	sp, {r0, r1, r2, r3, fp, sp, lr}
 c101928:	e49dc004 	pop	{ip}		; (ldr ip, [sp], #4)
 c10192c:	e25ef004 	subs	pc, lr, #4

0c101930 <isr_RTC_dummy>:

void isr_RTC_dummy( void )
{
 c101930:	e52dc004 	push	{ip}		; (str ip, [sp, #-4]!)
 c101934:	e1a0c00d 	mov	ip, sp
 c101938:	e92dd80f 	push	{r0, r1, r2, r3, fp, ip, lr, pc}
 c10193c:	e24cb004 	sub	fp, ip, #4
	fatalerror( 10 );
 c101940:	e3a0000a 	mov	r0, #10
 c101944:	eb0000f3 	bl	c101d18 <fatalerror>
}
 c101948:	e24bd01c 	sub	sp, fp, #28
 c10194c:	e89d680f 	ldm	sp, {r0, r1, r2, r3, fp, sp, lr}
 c101950:	e49dc004 	pop	{ip}		; (ldr ip, [sp], #4)
 c101954:	e25ef004 	subs	pc, lr, #4

0c101958 <isr_UTXD1_dummy>:

void isr_UTXD1_dummy( void )
{
 c101958:	e52dc004 	push	{ip}		; (str ip, [sp, #-4]!)
 c10195c:	e1a0c00d 	mov	ip, sp
 c101960:	e92dd80f 	push	{r0, r1, r2, r3, fp, ip, lr, pc}
 c101964:	e24cb004 	sub	fp, ip, #4
	fatalerror( 12 );
 c101968:	e3a0000c 	mov	r0, #12
 c10196c:	eb0000e9 	bl	c101d18 <fatalerror>
}
 c101970:	e24bd01c 	sub	sp, fp, #28
 c101974:	e89d680f 	ldm	sp, {r0, r1, r2, r3, fp, sp, lr}
 c101978:	e49dc004 	pop	{ip}		; (ldr ip, [sp], #4)
 c10197c:	e25ef004 	subs	pc, lr, #4

0c101980 <isr_UTXD0_dummy>:

void isr_UTXD0_dummy( void )
{
 c101980:	e52dc004 	push	{ip}		; (str ip, [sp, #-4]!)
 c101984:	e1a0c00d 	mov	ip, sp
 c101988:	e92dd80f 	push	{r0, r1, r2, r3, fp, ip, lr, pc}
 c10198c:	e24cb004 	sub	fp, ip, #4
	fatalerror( 9 );
 c101990:	e3a00009 	mov	r0, #9
 c101994:	eb0000df 	bl	c101d18 <fatalerror>
}
 c101998:	e24bd01c 	sub	sp, fp, #28
 c10199c:	e89d680f 	ldm	sp, {r0, r1, r2, r3, fp, sp, lr}
 c1019a0:	e49dc004 	pop	{ip}		; (ldr ip, [sp], #4)
 c1019a4:	e25ef004 	subs	pc, lr, #4

0c1019a8 <isr_SIO_dummy>:

void isr_SIO_dummy( void )
{
 c1019a8:	e52dc004 	push	{ip}		; (str ip, [sp, #-4]!)
 c1019ac:	e1a0c00d 	mov	ip, sp
 c1019b0:	e92dd80f 	push	{r0, r1, r2, r3, fp, ip, lr, pc}
 c1019b4:	e24cb004 	sub	fp, ip, #4
	fatalerror( 15 );
 c1019b8:	e3a0000f 	mov	r0, #15
 c1019bc:	eb0000d5 	bl	c101d18 <fatalerror>
}
 c1019c0:	e24bd01c 	sub	sp, fp, #28
 c1019c4:	e89d680f 	ldm	sp, {r0, r1, r2, r3, fp, sp, lr}
 c1019c8:	e49dc004 	pop	{ip}		; (ldr ip, [sp], #4)
 c1019cc:	e25ef004 	subs	pc, lr, #4

0c1019d0 <isr_IIC_dummy>:

void isr_IIC_dummy( void )
{
 c1019d0:	e52dc004 	push	{ip}		; (str ip, [sp, #-4]!)
 c1019d4:	e1a0c00d 	mov	ip, sp
 c1019d8:	e92dd80f 	push	{r0, r1, r2, r3, fp, ip, lr, pc}
 c1019dc:	e24cb004 	sub	fp, ip, #4
	fatalerror( 12 );
 c1019e0:	e3a0000c 	mov	r0, #12
 c1019e4:	eb0000cb 	bl	c101d18 <fatalerror>
}
 c1019e8:	e24bd01c 	sub	sp, fp, #28
 c1019ec:	e89d680f 	ldm	sp, {r0, r1, r2, r3, fp, sp, lr}
 c1019f0:	e49dc004 	pop	{ip}		; (ldr ip, [sp], #4)
 c1019f4:	e25ef004 	subs	pc, lr, #4

0c1019f8 <isr_URXD1_dummy>:

void isr_URXD1_dummy( void )
{
 c1019f8:	e52dc004 	push	{ip}		; (str ip, [sp, #-4]!)
 c1019fc:	e1a0c00d 	mov	ip, sp
 c101a00:	e92dd80f 	push	{r0, r1, r2, r3, fp, ip, lr, pc}
 c101a04:	e24cb004 	sub	fp, ip, #4
	fatalerror( 12 );
 c101a08:	e3a0000c 	mov	r0, #12
 c101a0c:	eb0000c1 	bl	c101d18 <fatalerror>
}
 c101a10:	e24bd01c 	sub	sp, fp, #28
 c101a14:	e89d680f 	ldm	sp, {r0, r1, r2, r3, fp, sp, lr}
 c101a18:	e49dc004 	pop	{ip}		; (ldr ip, [sp], #4)
 c101a1c:	e25ef004 	subs	pc, lr, #4

0c101a20 <isr_URXD0_dummy>:

void isr_URXD0_dummy( void )
{
 c101a20:	e52dc004 	push	{ip}		; (str ip, [sp, #-4]!)
 c101a24:	e1a0c00d 	mov	ip, sp
 c101a28:	e92dd80f 	push	{r0, r1, r2, r3, fp, ip, lr, pc}
 c101a2c:	e24cb004 	sub	fp, ip, #4
	fatalerror( 8 );
 c101a30:	e3a00008 	mov	r0, #8
 c101a34:	eb0000b7 	bl	c101d18 <fatalerror>
}
 c101a38:	e24bd01c 	sub	sp, fp, #28
 c101a3c:	e89d680f 	ldm	sp, {r0, r1, r2, r3, fp, sp, lr}
 c101a40:	e49dc004 	pop	{ip}		; (ldr ip, [sp], #4)
 c101a44:	e25ef004 	subs	pc, lr, #4

0c101a48 <isr_TIMER5_dummy>:

void isr_TIMER5_dummy( void )
{
 c101a48:	e52dc004 	push	{ip}		; (str ip, [sp, #-4]!)
 c101a4c:	e1a0c00d 	mov	ip, sp
 c101a50:	e92dd80f 	push	{r0, r1, r2, r3, fp, ip, lr, pc}
 c101a54:	e24cb004 	sub	fp, ip, #4
	fatalerror( 14 );
 c101a58:	e3a0000e 	mov	r0, #14
 c101a5c:	eb0000ad 	bl	c101d18 <fatalerror>
}
 c101a60:	e24bd01c 	sub	sp, fp, #28
 c101a64:	e89d680f 	ldm	sp, {r0, r1, r2, r3, fp, sp, lr}
 c101a68:	e49dc004 	pop	{ip}		; (ldr ip, [sp], #4)
 c101a6c:	e25ef004 	subs	pc, lr, #4

0c101a70 <isr_TIMER4_dummy>:

void isr_TIMER4_dummy( void )
{
 c101a70:	e52dc004 	push	{ip}		; (str ip, [sp, #-4]!)
 c101a74:	e1a0c00d 	mov	ip, sp
 c101a78:	e92dd80f 	push	{r0, r1, r2, r3, fp, ip, lr, pc}
 c101a7c:	e24cb004 	sub	fp, ip, #4
	fatalerror( 14 );
 c101a80:	e3a0000e 	mov	r0, #14
 c101a84:	eb0000a3 	bl	c101d18 <fatalerror>
}
 c101a88:	e24bd01c 	sub	sp, fp, #28
 c101a8c:	e89d680f 	ldm	sp, {r0, r1, r2, r3, fp, sp, lr}
 c101a90:	e49dc004 	pop	{ip}		; (ldr ip, [sp], #4)
 c101a94:	e25ef004 	subs	pc, lr, #4

0c101a98 <isr_TIMER3_dummy>:

void isr_TIMER3_dummy( void )
{
 c101a98:	e52dc004 	push	{ip}		; (str ip, [sp, #-4]!)
 c101a9c:	e1a0c00d 	mov	ip, sp
 c101aa0:	e92dd80f 	push	{r0, r1, r2, r3, fp, ip, lr, pc}
 c101aa4:	e24cb004 	sub	fp, ip, #4
	fatalerror( 14 );
 c101aa8:	e3a0000e 	mov	r0, #14
 c101aac:	eb000099 	bl	c101d18 <fatalerror>
}
 c101ab0:	e24bd01c 	sub	sp, fp, #28
 c101ab4:	e89d680f 	ldm	sp, {r0, r1, r2, r3, fp, sp, lr}
 c101ab8:	e49dc004 	pop	{ip}		; (ldr ip, [sp], #4)
 c101abc:	e25ef004 	subs	pc, lr, #4

0c101ac0 <isr_TIMER2_dummy>:

void isr_TIMER2_dummy( void )
{
 c101ac0:	e52dc004 	push	{ip}		; (str ip, [sp, #-4]!)
 c101ac4:	e1a0c00d 	mov	ip, sp
 c101ac8:	e92dd80f 	push	{r0, r1, r2, r3, fp, ip, lr, pc}
 c101acc:	e24cb004 	sub	fp, ip, #4
	fatalerror( 14 );
 c101ad0:	e3a0000e 	mov	r0, #14
 c101ad4:	eb00008f 	bl	c101d18 <fatalerror>
}
 c101ad8:	e24bd01c 	sub	sp, fp, #28
 c101adc:	e89d680f 	ldm	sp, {r0, r1, r2, r3, fp, sp, lr}
 c101ae0:	e49dc004 	pop	{ip}		; (ldr ip, [sp], #4)
 c101ae4:	e25ef004 	subs	pc, lr, #4

0c101ae8 <isr_TIMER1_dummy>:

void isr_TIMER1_dummy( void )
{
 c101ae8:	e52dc004 	push	{ip}		; (str ip, [sp, #-4]!)
 c101aec:	e1a0c00d 	mov	ip, sp
 c101af0:	e92dd80f 	push	{r0, r1, r2, r3, fp, ip, lr, pc}
 c101af4:	e24cb004 	sub	fp, ip, #4
    fatalerror( 14 );
 c101af8:	e3a0000e 	mov	r0, #14
 c101afc:	eb000085 	bl	c101d18 <fatalerror>
}
 c101b00:	e24bd01c 	sub	sp, fp, #28
 c101b04:	e89d680f 	ldm	sp, {r0, r1, r2, r3, fp, sp, lr}
 c101b08:	e49dc004 	pop	{ip}		; (ldr ip, [sp], #4)
 c101b0c:	e25ef004 	subs	pc, lr, #4

0c101b10 <isr_TIMER0_dummy>:

void isr_TIMER0_dummy( void )
{
 c101b10:	e52dc004 	push	{ip}		; (str ip, [sp, #-4]!)
 c101b14:	e1a0c00d 	mov	ip, sp
 c101b18:	e92dd80f 	push	{r0, r1, r2, r3, fp, ip, lr, pc}
 c101b1c:	e24cb004 	sub	fp, ip, #4
    fatalerror( 14 );
 c101b20:	e3a0000e 	mov	r0, #14
 c101b24:	eb00007b 	bl	c101d18 <fatalerror>
}
 c101b28:	e24bd01c 	sub	sp, fp, #28
 c101b2c:	e89d680f 	ldm	sp, {r0, r1, r2, r3, fp, sp, lr}
 c101b30:	e49dc004 	pop	{ip}		; (ldr ip, [sp], #4)
 c101b34:	e25ef004 	subs	pc, lr, #4

0c101b38 <isr_UERR01_dummy>:

void isr_UERR01_dummy( void )
{
 c101b38:	e52dc004 	push	{ip}		; (str ip, [sp, #-4]!)
 c101b3c:	e1a0c00d 	mov	ip, sp
 c101b40:	e92dd80f 	push	{r0, r1, r2, r3, fp, ip, lr, pc}
 c101b44:	e24cb004 	sub	fp, ip, #4
    fatalerror( 12 );
 c101b48:	e3a0000c 	mov	r0, #12
 c101b4c:	eb000071 	bl	c101d18 <fatalerror>
}
 c101b50:	e24bd01c 	sub	sp, fp, #28
 c101b54:	e89d680f 	ldm	sp, {r0, r1, r2, r3, fp, sp, lr}
 c101b58:	e49dc004 	pop	{ip}		; (ldr ip, [sp], #4)
 c101b5c:	e25ef004 	subs	pc, lr, #4

0c101b60 <isr_WDT_dummy>:

void isr_WDT_dummy( void )
{
 c101b60:	e52dc004 	push	{ip}		; (str ip, [sp, #-4]!)
 c101b64:	e1a0c00d 	mov	ip, sp
 c101b68:	e92dd80f 	push	{r0, r1, r2, r3, fp, ip, lr, pc}
 c101b6c:	e24cb004 	sub	fp, ip, #4
    fatalerror( 14 );
 c101b70:	e3a0000e 	mov	r0, #14
 c101b74:	eb000067 	bl	c101d18 <fatalerror>
}
 c101b78:	e24bd01c 	sub	sp, fp, #28
 c101b7c:	e89d680f 	ldm	sp, {r0, r1, r2, r3, fp, sp, lr}
 c101b80:	e49dc004 	pop	{ip}		; (ldr ip, [sp], #4)
 c101b84:	e25ef004 	subs	pc, lr, #4

0c101b88 <isr_BDMA1_dummy>:

void isr_BDMA1_dummy( void )
{
 c101b88:	e52dc004 	push	{ip}		; (str ip, [sp, #-4]!)
 c101b8c:	e1a0c00d 	mov	ip, sp
 c101b90:	e92dd80f 	push	{r0, r1, r2, r3, fp, ip, lr, pc}
 c101b94:	e24cb004 	sub	fp, ip, #4
    fatalerror( 13 );
 c101b98:	e3a0000d 	mov	r0, #13
 c101b9c:	eb00005d 	bl	c101d18 <fatalerror>
}
 c101ba0:	e24bd01c 	sub	sp, fp, #28
 c101ba4:	e89d680f 	ldm	sp, {r0, r1, r2, r3, fp, sp, lr}
 c101ba8:	e49dc004 	pop	{ip}		; (ldr ip, [sp], #4)
 c101bac:	e25ef004 	subs	pc, lr, #4

0c101bb0 <isr_BDMA0_dummy>:

void isr_BDMA0_dummy( void )
{
 c101bb0:	e52dc004 	push	{ip}		; (str ip, [sp, #-4]!)
 c101bb4:	e1a0c00d 	mov	ip, sp
 c101bb8:	e92dd80f 	push	{r0, r1, r2, r3, fp, ip, lr, pc}
 c101bbc:	e24cb004 	sub	fp, ip, #4
    fatalerror( 13 );
 c101bc0:	e3a0000d 	mov	r0, #13
 c101bc4:	eb000053 	bl	c101d18 <fatalerror>
}
 c101bc8:	e24bd01c 	sub	sp, fp, #28
 c101bcc:	e89d680f 	ldm	sp, {r0, r1, r2, r3, fp, sp, lr}
 c101bd0:	e49dc004 	pop	{ip}		; (ldr ip, [sp], #4)
 c101bd4:	e25ef004 	subs	pc, lr, #4

0c101bd8 <isr_ZDMA1_dummy>:

void isr_ZDMA1_dummy( void )
{
 c101bd8:	e52dc004 	push	{ip}		; (str ip, [sp, #-4]!)
 c101bdc:	e1a0c00d 	mov	ip, sp
 c101be0:	e92dd80f 	push	{r0, r1, r2, r3, fp, ip, lr, pc}
 c101be4:	e24cb004 	sub	fp, ip, #4
    fatalerror( 13 );
 c101be8:	e3a0000d 	mov	r0, #13
 c101bec:	eb000049 	bl	c101d18 <fatalerror>
}
 c101bf0:	e24bd01c 	sub	sp, fp, #28
 c101bf4:	e89d680f 	ldm	sp, {r0, r1, r2, r3, fp, sp, lr}
 c101bf8:	e49dc004 	pop	{ip}		; (ldr ip, [sp], #4)
 c101bfc:	e25ef004 	subs	pc, lr, #4

0c101c00 <isr_ZDMA0_dummy>:

void isr_ZDMA0_dummy( void )
{
 c101c00:	e52dc004 	push	{ip}		; (str ip, [sp, #-4]!)
 c101c04:	e1a0c00d 	mov	ip, sp
 c101c08:	e92dd80f 	push	{r0, r1, r2, r3, fp, ip, lr, pc}
 c101c0c:	e24cb004 	sub	fp, ip, #4
    fatalerror( 13 );
 c101c10:	e3a0000d 	mov	r0, #13
 c101c14:	eb00003f 	bl	c101d18 <fatalerror>
}
 c101c18:	e24bd01c 	sub	sp, fp, #28
 c101c1c:	e89d680f 	ldm	sp, {r0, r1, r2, r3, fp, sp, lr}
 c101c20:	e49dc004 	pop	{ip}		; (ldr ip, [sp], #4)
 c101c24:	e25ef004 	subs	pc, lr, #4

0c101c28 <isr_TICK_dummy>:

void isr_TICK_dummy( void )
{
 c101c28:	e52dc004 	push	{ip}		; (str ip, [sp, #-4]!)
 c101c2c:	e1a0c00d 	mov	ip, sp
 c101c30:	e92dd80f 	push	{r0, r1, r2, r3, fp, ip, lr, pc}
 c101c34:	e24cb004 	sub	fp, ip, #4
    fatalerror( 10 );
 c101c38:	e3a0000a 	mov	r0, #10
 c101c3c:	eb000035 	bl	c101d18 <fatalerror>
}
 c101c40:	e24bd01c 	sub	sp, fp, #28
 c101c44:	e89d680f 	ldm	sp, {r0, r1, r2, r3, fp, sp, lr}
 c101c48:	e49dc004 	pop	{ip}		; (ldr ip, [sp], #4)
 c101c4c:	e25ef004 	subs	pc, lr, #4

0c101c50 <isr_PB_dummy>:

void isr_PB_dummy( void )
{
 c101c50:	e52dc004 	push	{ip}		; (str ip, [sp, #-4]!)
 c101c54:	e1a0c00d 	mov	ip, sp
 c101c58:	e92dd80f 	push	{r0, r1, r2, r3, fp, ip, lr, pc}
 c101c5c:	e24cb004 	sub	fp, ip, #4
    fatalerror( 6 );
 c101c60:	e3a00006 	mov	r0, #6
 c101c64:	eb00002b 	bl	c101d18 <fatalerror>
}
 c101c68:	e24bd01c 	sub	sp, fp, #28
 c101c6c:	e89d680f 	ldm	sp, {r0, r1, r2, r3, fp, sp, lr}
 c101c70:	e49dc004 	pop	{ip}		; (ldr ip, [sp], #4)
 c101c74:	e25ef004 	subs	pc, lr, #4

0c101c78 <isr_ETHERNET_dummy>:

void isr_ETHERNET_dummy( void )
{
 c101c78:	e52dc004 	push	{ip}		; (str ip, [sp, #-4]!)
 c101c7c:	e1a0c00d 	mov	ip, sp
 c101c80:	e92dd80f 	push	{r0, r1, r2, r3, fp, ip, lr, pc}
 c101c84:	e24cb004 	sub	fp, ip, #4
    fatalerror( 15 );
 c101c88:	e3a0000f 	mov	r0, #15
 c101c8c:	eb000021 	bl	c101d18 <fatalerror>
}
 c101c90:	e24bd01c 	sub	sp, fp, #28
 c101c94:	e89d680f 	ldm	sp, {r0, r1, r2, r3, fp, sp, lr}
 c101c98:	e49dc004 	pop	{ip}		; (ldr ip, [sp], #4)
 c101c9c:	e25ef004 	subs	pc, lr, #4

0c101ca0 <isr_TS_dummy>:

void isr_TS_dummy( void )
{
 c101ca0:	e52dc004 	push	{ip}		; (str ip, [sp, #-4]!)
 c101ca4:	e1a0c00d 	mov	ip, sp
 c101ca8:	e92dd80f 	push	{r0, r1, r2, r3, fp, ip, lr, pc}
 c101cac:	e24cb004 	sub	fp, ip, #4
    fatalerror( 11 );
 c101cb0:	e3a0000b 	mov	r0, #11
 c101cb4:	eb000017 	bl	c101d18 <fatalerror>
}
 c101cb8:	e24bd01c 	sub	sp, fp, #28
 c101cbc:	e89d680f 	ldm	sp, {r0, r1, r2, r3, fp, sp, lr}
 c101cc0:	e49dc004 	pop	{ip}		; (ldr ip, [sp], #4)
 c101cc4:	e25ef004 	subs	pc, lr, #4

0c101cc8 <isr_KEYPAD_dummy>:

void isr_KEYPAD_dummy( void )
{
 c101cc8:	e52dc004 	push	{ip}		; (str ip, [sp, #-4]!)
 c101ccc:	e1a0c00d 	mov	ip, sp
 c101cd0:	e92dd80f 	push	{r0, r1, r2, r3, fp, ip, lr, pc}
 c101cd4:	e24cb004 	sub	fp, ip, #4
    fatalerror( 7 );
 c101cd8:	e3a00007 	mov	r0, #7
 c101cdc:	eb00000d 	bl	c101d18 <fatalerror>
}
 c101ce0:	e24bd01c 	sub	sp, fp, #28
 c101ce4:	e89d680f 	ldm	sp, {r0, r1, r2, r3, fp, sp, lr}
 c101ce8:	e49dc004 	pop	{ip}		; (ldr ip, [sp], #4)
 c101cec:	e25ef004 	subs	pc, lr, #4

0c101cf0 <isr_USB_dummy>:

void isr_USB_dummy( void )
{
 c101cf0:	e52dc004 	push	{ip}		; (str ip, [sp, #-4]!)
 c101cf4:	e1a0c00d 	mov	ip, sp
 c101cf8:	e92dd80f 	push	{r0, r1, r2, r3, fp, ip, lr, pc}
 c101cfc:	e24cb004 	sub	fp, ip, #4
    fatalerror( 15 );
 c101d00:	e3a0000f 	mov	r0, #15
 c101d04:	eb000003 	bl	c101d18 <fatalerror>
}
 c101d08:	e24bd01c 	sub	sp, fp, #28
 c101d0c:	e89d680f 	ldm	sp, {r0, r1, r2, r3, fp, sp, lr}
 c101d10:	e49dc004 	pop	{ip}		; (ldr ip, [sp], #4)
 c101d14:	e25ef004 	subs	pc, lr, #4

0c101d18 <fatalerror>:

void fatalerror( uint8 code )
{
 c101d18:	e1a0c00d 	mov	ip, sp
 c101d1c:	e92dd800 	push	{fp, ip, lr, pc}
 c101d20:	e24cb004 	sub	fp, ip, #4
 c101d24:	e24dd010 	sub	sp, sp, #16
 c101d28:	e1a03000 	mov	r3, r0
 c101d2c:	e54b3015 	strb	r3, [fp, #-21]	; 0xffffffeb
	uint32 i;

	PCONB = 0x14f;
 c101d30:	e59f3080 	ldr	r3, [pc, #128]	; c101db8 <fatalerror+0xa0>
 c101d34:	e59f2080 	ldr	r2, [pc, #128]	; c101dbc <fatalerror+0xa4>
 c101d38:	e5832000 	str	r2, [r3]
	while( 1 )
	{
		segs_putchar( code ); ;
 c101d3c:	e55b3015 	ldrb	r3, [fp, #-21]	; 0xffffffeb
 c101d40:	e1a00003 	mov	r0, r3
 c101d44:	eb0000c8 	bl	c10206c <segs_putchar>
		PDATB = 0;
 c101d48:	e59f3070 	ldr	r3, [pc, #112]	; c101dc0 <fatalerror+0xa8>
 c101d4c:	e3a02000 	mov	r2, #0
 c101d50:	e5832000 	str	r2, [r3]
		for( i=0; i<100000; i++);
 c101d54:	e3a03000 	mov	r3, #0
 c101d58:	e50b3010 	str	r3, [fp, #-16]
 c101d5c:	ea000002 	b	c101d6c <fatalerror+0x54>
 c101d60:	e51b3010 	ldr	r3, [fp, #-16]
 c101d64:	e2833001 	add	r3, r3, #1
 c101d68:	e50b3010 	str	r3, [fp, #-16]
 c101d6c:	e51b2010 	ldr	r2, [fp, #-16]
 c101d70:	e59f304c 	ldr	r3, [pc, #76]	; c101dc4 <fatalerror+0xac>
 c101d74:	e1520003 	cmp	r2, r3
 c101d78:	9afffff8 	bls	c101d60 <fatalerror+0x48>
		segs_off();
 c101d7c:	eb0000ac 	bl	c102034 <segs_off>
		PDATB = 0x600;
 c101d80:	e59f3038 	ldr	r3, [pc, #56]	; c101dc0 <fatalerror+0xa8>
 c101d84:	e3a02c06 	mov	r2, #1536	; 0x600
 c101d88:	e5832000 	str	r2, [r3]
		for( i=0; i<100000; i++);
 c101d8c:	e3a03000 	mov	r3, #0
 c101d90:	e50b3010 	str	r3, [fp, #-16]
 c101d94:	ea000002 	b	c101da4 <fatalerror+0x8c>
 c101d98:	e51b3010 	ldr	r3, [fp, #-16]
 c101d9c:	e2833001 	add	r3, r3, #1
 c101da0:	e50b3010 	str	r3, [fp, #-16]
 c101da4:	e51b2010 	ldr	r2, [fp, #-16]
 c101da8:	e59f3014 	ldr	r3, [pc, #20]	; c101dc4 <fatalerror+0xac>
 c101dac:	e1520003 	cmp	r2, r3
 c101db0:	9afffff8 	bls	c101d98 <fatalerror+0x80>
	};
 c101db4:	eaffffe0 	b	c101d3c <fatalerror+0x24>
 c101db8:	01d20008 	.word	0x01d20008
 c101dbc:	0000014f 	.word	0x0000014f
 c101dc0:	01d2000c 	.word	0x01d2000c
 c101dc4:	0001869f 	.word	0x0001869f

0c101dc8 <sleep>:
}

inline void sleep( void )
{
 c101dc8:	e1a0c00d 	mov	ip, sp
 c101dcc:	e92dd800 	push	{fp, ip, lr, pc}
 c101dd0:	e24cb004 	sub	fp, ip, #4
    CLKCON |= (1 << 2);    // Pone a la CPU en estado IDLE
 c101dd4:	e59f3018 	ldr	r3, [pc, #24]	; c101df4 <sleep+0x2c>
 c101dd8:	e59f2014 	ldr	r2, [pc, #20]	; c101df4 <sleep+0x2c>
 c101ddc:	e5922000 	ldr	r2, [r2]
 c101de0:	e3822004 	orr	r2, r2, #4
 c101de4:	e5832000 	str	r2, [r3]
}
 c101de8:	e24bd00c 	sub	sp, fp, #12
 c101dec:	e89d6800 	ldm	sp, {fp, sp, lr}
 c101df0:	e12fff1e 	bx	lr
 c101df4:	01d80004 	.word	0x01d80004

0c101df8 <sys_recovery>:

static void sys_recovery( void ) // NO TOCAR
{
 c101df8:	e1a0c00d 	mov	ip, sp
 c101dfc:	e92dd800 	push	{fp, ip, lr, pc}
 c101e00:	e24cb004 	sub	fp, ip, #4
 c101e04:	e24dd018 	sub	sp, sp, #24
    uint8 mode;
    uint32 sp, fp;
    uint32 *addrSrc, *addrDst;
    uint32 diffStacks;
    
    asm volatile ( "str sp, %0" : "=m" (sp) : : );    // lee el puntero a la cima de la pila de excepción (SP) 
 c101e08:	e50bd01c 	str	sp, [fp, #-28]	; 0xffffffe4
    asm volatile ( "str fp, %0" : "=m" (fp) : : );    // lee el puntero al marco de activación (FP) de sys_recovery() en la pila de excepción
 c101e0c:	e50bb020 	str	fp, [fp, #-32]	; 0xffffffe0
    
    GET_OPMODE( &mode );    // lee el modo de ejecución del procesador
 c101e10:	e10f0000 	mrs	r0, CPSR
 c101e14:	e200001f 	and	r0, r0, #31
 c101e18:	e54b0015 	strb	r0, [fp, #-21]	; 0xffffffeb
    switch( mode )
 c101e1c:	e55b3015 	ldrb	r3, [fp, #-21]	; 0xffffffeb
 c101e20:	e2433011 	sub	r3, r3, #17
 c101e24:	e353000a 	cmp	r3, #10
 c101e28:	979ff103 	ldrls	pc, [pc, r3, lsl #2]
 c101e2c:	ea00001e 	b	c101eac <sys_recovery+0xb4>
 c101e30:	0c101e70 	.word	0x0c101e70
 c101e34:	0c101e5c 	.word	0x0c101e5c
 c101e38:	0c101eac 	.word	0x0c101eac
 c101e3c:	0c101eac 	.word	0x0c101eac
 c101e40:	0c101eac 	.word	0x0c101eac
 c101e44:	0c101eac 	.word	0x0c101eac
 c101e48:	0c101e84 	.word	0x0c101e84
 c101e4c:	0c101eac 	.word	0x0c101eac
 c101e50:	0c101eac 	.word	0x0c101eac
 c101e54:	0c101eac 	.word	0x0c101eac
 c101e58:	0c101e98 	.word	0x0c101e98
    {
        case IRQMODE:
            diffStacks = IRQSTACK - SVCSTACK;     // calcula la distancia entre la bases de la pila IRQ y la SVC
 c101e5c:	e3a03c03 	mov	r3, #768	; 0x300
 c101e60:	e50b3014 	str	r3, [fp, #-20]	; 0xffffffec
            addrSrc = (uint32 *)IRQSTACK;         // base de la pila IRQ
 c101e64:	e59f3198 	ldr	r3, [pc, #408]	; c102004 <sys_recovery+0x20c>
 c101e68:	e50b3024 	str	r3, [fp, #-36]	; 0xffffffdc
            break;
 c101e6c:	ea00000f 	b	c101eb0 <sys_recovery+0xb8>
        case FIQMODE:
            diffStacks = FIQSTACK - SVCSTACK;     // calcula la distancia entre la bases de la pila FIQ y la SVC
 c101e70:	e3a03b01 	mov	r3, #1024	; 0x400
 c101e74:	e50b3014 	str	r3, [fp, #-20]	; 0xffffffec
            addrSrc = (uint32 *)FIQSTACK;         // base de la pila FIQ
 c101e78:	e59f3188 	ldr	r3, [pc, #392]	; c102008 <sys_recovery+0x210>
 c101e7c:	e50b3024 	str	r3, [fp, #-36]	; 0xffffffdc
            break;
 c101e80:	ea00000a 	b	c101eb0 <sys_recovery+0xb8>
        case ABTMODE:
            diffStacks = ABTSTACK - SVCSTACK;     // calcula la distancia entre la bases de la pila ABT y la SVC
 c101e84:	e3a03c02 	mov	r3, #512	; 0x200
 c101e88:	e50b3014 	str	r3, [fp, #-20]	; 0xffffffec
            addrSrc = (uint32 *)ABTSTACK;         // base de la pila ABT
 c101e8c:	e59f3178 	ldr	r3, [pc, #376]	; c10200c <sys_recovery+0x214>
 c101e90:	e50b3024 	str	r3, [fp, #-36]	; 0xffffffdc
            break;
 c101e94:	ea000005 	b	c101eb0 <sys_recovery+0xb8>
        case UNDMODE:
            diffStacks = UNDSTACK - SVCSTACK;     // calcula la distancia entre la bases de la pila UND y la SVC
 c101e98:	e3a03c01 	mov	r3, #256	; 0x100
 c101e9c:	e50b3014 	str	r3, [fp, #-20]	; 0xffffffec
            addrSrc = (uint32 *)UNDSTACK;         // base de la pila UND
 c101ea0:	e59f3168 	ldr	r3, [pc, #360]	; c102010 <sys_recovery+0x218>
 c101ea4:	e50b3024 	str	r3, [fp, #-36]	; 0xffffffdc
            break;         
 c101ea8:	ea000000 	b	c101eb0 <sys_recovery+0xb8>
        case USRMODE:
            // Habría que hacer algo análogo a lo anterior y además para volver a modo SVC dado que no es válido SET_OPMODE( SVCMODE ), es necesario esto:
            // pISR_SWI = (uint32) isr_SWI;
            // SWI( 0 );  
        default:
            while( 1 );                           // aquí no debería llegarse
 c101eac:	eafffffe 	b	c101eac <sys_recovery+0xb4>
            break;
    }    
        
    asm volatile ( "ldr sp, %0" : "=m" (addrSrc) : : );    // restaura el SP de excepción a su base para desechar su contenido y evitar su desbordamiento     
 c101eb0:	e51bd024 	ldr	sp, [fp, #-36]	; 0xffffffdc
        
    for( addrDst = (uint32 *)SVCSTACK; addrSrc > (uint32 *)sp; )    // copia el contenido completo de la pila excepción en la pila SVC
 c101eb4:	e59f3158 	ldr	r3, [pc, #344]	; c102014 <sys_recovery+0x21c>
 c101eb8:	e50b3010 	str	r3, [fp, #-16]
 c101ebc:	ea000009 	b	c101ee8 <sys_recovery+0xf0>
        *(--addrDst) = *(--addrSrc);
 c101ec0:	e51b3010 	ldr	r3, [fp, #-16]
 c101ec4:	e2433004 	sub	r3, r3, #4
 c101ec8:	e50b3010 	str	r3, [fp, #-16]
 c101ecc:	e51b3024 	ldr	r3, [fp, #-36]	; 0xffffffdc
 c101ed0:	e2433004 	sub	r3, r3, #4
 c101ed4:	e50b3024 	str	r3, [fp, #-36]	; 0xffffffdc
 c101ed8:	e51b3024 	ldr	r3, [fp, #-36]	; 0xffffffdc
 c101edc:	e5932000 	ldr	r2, [r3]
 c101ee0:	e51b3010 	ldr	r3, [fp, #-16]
 c101ee4:	e5832000 	str	r2, [r3]
            break;
    }    
        
    asm volatile ( "ldr sp, %0" : "=m" (addrSrc) : : );    // restaura el SP de excepción a su base para desechar su contenido y evitar su desbordamiento     
        
    for( addrDst = (uint32 *)SVCSTACK; addrSrc > (uint32 *)sp; )    // copia el contenido completo de la pila excepción en la pila SVC
 c101ee8:	e51b301c 	ldr	r3, [fp, #-28]	; 0xffffffe4
 c101eec:	e1a02003 	mov	r2, r3
 c101ef0:	e51b3024 	ldr	r3, [fp, #-36]	; 0xffffffdc
 c101ef4:	e1520003 	cmp	r2, r3
 c101ef8:	3afffff0 	bcc	c101ec0 <sys_recovery+0xc8>
        *(--addrDst) = *(--addrSrc);

    addrDst = (uint32 *)(fp-diffStacks);   // carga el puntero al marco de activación de sys_recovery() en la pila SVC
 c101efc:	e51b2020 	ldr	r2, [fp, #-32]	; 0xffffffe0
 c101f00:	e51b3014 	ldr	r3, [fp, #-20]	; 0xffffffec
 c101f04:	e0633002 	rsb	r3, r3, r2
 c101f08:	e50b3010 	str	r3, [fp, #-16]
    addrDst--;                             // salta el PC apilado
 c101f0c:	e51b3010 	ldr	r3, [fp, #-16]
 c101f10:	e2433004 	sub	r3, r3, #4
 c101f14:	e50b3010 	str	r3, [fp, #-16]
    addrDst--;                             // salta el LR apilado
 c101f18:	e51b3010 	ldr	r3, [fp, #-16]
 c101f1c:	e2433004 	sub	r3, r3, #4
 c101f20:	e50b3010 	str	r3, [fp, #-16]
    *addrDst -= diffStacks;                // actualiza SP apilado para que apunte a la pila SVC
 c101f24:	e51b3010 	ldr	r3, [fp, #-16]
 c101f28:	e5932000 	ldr	r2, [r3]
 c101f2c:	e51b3014 	ldr	r3, [fp, #-20]	; 0xffffffec
 c101f30:	e0632002 	rsb	r2, r3, r2
 c101f34:	e51b3010 	ldr	r3, [fp, #-16]
 c101f38:	e5832000 	str	r2, [r3]
    addrDst--;                             // salta el SP apilado
 c101f3c:	e51b3010 	ldr	r3, [fp, #-16]
 c101f40:	e2433004 	sub	r3, r3, #4
 c101f44:	e50b3010 	str	r3, [fp, #-16]
    *addrDst -= diffStacks;                // actualiza el FP apilado para que apunte a la pila SVC
 c101f48:	e51b3010 	ldr	r3, [fp, #-16]
 c101f4c:	e5932000 	ldr	r2, [r3]
 c101f50:	e51b3014 	ldr	r3, [fp, #-20]	; 0xffffffec
 c101f54:	e0632002 	rsb	r2, r3, r2
 c101f58:	e51b3010 	ldr	r3, [fp, #-16]
 c101f5c:	e5832000 	str	r2, [r3]
    
    addrDst = (uint32 *)(*addrDst);        // carga el puntero al marco de activación de sys_init()
 c101f60:	e51b3010 	ldr	r3, [fp, #-16]
 c101f64:	e5933000 	ldr	r3, [r3]
 c101f68:	e50b3010 	str	r3, [fp, #-16]
    addrDst--;                             // salta el PC apilado
 c101f6c:	e51b3010 	ldr	r3, [fp, #-16]
 c101f70:	e2433004 	sub	r3, r3, #4
 c101f74:	e50b3010 	str	r3, [fp, #-16]
    addrDst--;                             // salta el LR apilado
 c101f78:	e51b3010 	ldr	r3, [fp, #-16]
 c101f7c:	e2433004 	sub	r3, r3, #4
 c101f80:	e50b3010 	str	r3, [fp, #-16]
    *addrDst -= diffStacks;                // actualiza SP apilado para que apunte a la pila SVC
 c101f84:	e51b3010 	ldr	r3, [fp, #-16]
 c101f88:	e5932000 	ldr	r2, [r3]
 c101f8c:	e51b3014 	ldr	r3, [fp, #-20]	; 0xffffffec
 c101f90:	e0632002 	rsb	r2, r3, r2
 c101f94:	e51b3010 	ldr	r3, [fp, #-16]
 c101f98:	e5832000 	str	r2, [r3]
    addrDst--;                             // salta el SP apilado
 c101f9c:	e51b3010 	ldr	r3, [fp, #-16]
 c101fa0:	e2433004 	sub	r3, r3, #4
 c101fa4:	e50b3010 	str	r3, [fp, #-16]
    *addrDst -= diffStacks;                // actualiza el FP apilado para que apunte a la pila SVC
 c101fa8:	e51b3010 	ldr	r3, [fp, #-16]
 c101fac:	e5932000 	ldr	r2, [r3]
 c101fb0:	e51b3014 	ldr	r3, [fp, #-20]	; 0xffffffec
 c101fb4:	e0632002 	rsb	r2, r3, r2
 c101fb8:	e51b3010 	ldr	r3, [fp, #-16]
 c101fbc:	e5832000 	str	r2, [r3]
   
    SET_OPMODE( SVCMODE );                           // cambia a modo SVC
 c101fc0:	e10f0000 	mrs	r0, CPSR
 c101fc4:	e3c0001f 	bic	r0, r0, #31
 c101fc8:	e3800013 	orr	r0, r0, #19
 c101fcc:	e121f000 	msr	CPSR_c, r0

    sp -= diffStacks;
 c101fd0:	e51b201c 	ldr	r2, [fp, #-28]	; 0xffffffe4
 c101fd4:	e51b3014 	ldr	r3, [fp, #-20]	; 0xffffffec
 c101fd8:	e0633002 	rsb	r3, r3, r2
 c101fdc:	e50b301c 	str	r3, [fp, #-28]	; 0xffffffe4
    asm volatile ( "ldr sp, %0" : : "m" (sp) : );    // actualiza SP_svc para que apunte a la cima de la pila SVC
 c101fe0:	e51bd01c 	ldr	sp, [fp, #-28]	; 0xffffffe4
    
    fp -= diffStacks;                 
 c101fe4:	e51b2020 	ldr	r2, [fp, #-32]	; 0xffffffe0
 c101fe8:	e51b3014 	ldr	r3, [fp, #-20]	; 0xffffffec
 c101fec:	e0633002 	rsb	r3, r3, r2
 c101ff0:	e50b3020 	str	r3, [fp, #-32]	; 0xffffffe0
    asm volatile ( "ldr fp, %0" : : "m" (fp) : );    // actualiza FP para que apunte al marco de la pila SVC, debe ser siempre la última sentencia
 c101ff4:	e51bb020 	ldr	fp, [fp, #-32]	; 0xffffffe0
}
 c101ff8:	e24bd00c 	sub	sp, fp, #12
 c101ffc:	e89d6800 	ldm	sp, {fp, sp, lr}
 c102000:	e12fff1e 	bx	lr
 c102004:	0c7ff400 	.word	0x0c7ff400
 c102008:	0c7ff500 	.word	0x0c7ff500
 c10200c:	0c7ff300 	.word	0x0c7ff300
 c102010:	0c7ff200 	.word	0x0c7ff200
 c102014:	0c7ff100 	.word	0x0c7ff100

0c102018 <segs_init>:
static const uint8 hex2segs[16] = {0x12, 0x9F, 0x31, 0x15,0x9C, 0x54, 0x50, 0x1F, 0x10, 0x14, 0x18, 0xD0, 0x72, 0x91, 0x70, 0x78 };

static uint8 state;
        
void segs_init( void )
{
 c102018:	e1a0c00d 	mov	ip, sp
 c10201c:	e92dd800 	push	{fp, ip, lr, pc}
 c102020:	e24cb004 	sub	fp, ip, #4
    segs_off();
 c102024:	eb000002 	bl	c102034 <segs_off>
}                                  
 c102028:	e24bd00c 	sub	sp, fp, #12
 c10202c:	e89d6800 	ldm	sp, {fp, sp, lr}
 c102030:	e12fff1e 	bx	lr

0c102034 <segs_off>:
                          
void segs_off( void )
{
 c102034:	e1a0c00d 	mov	ip, sp
 c102038:	e92dd800 	push	{fp, ip, lr, pc}
 c10203c:	e24cb004 	sub	fp, ip, #4
    state = SEGS_OFF;
 c102040:	e59f3020 	ldr	r3, [pc, #32]	; c102068 <segs_off+0x34>
 c102044:	e3e02000 	mvn	r2, #0
 c102048:	e5c32000 	strb	r2, [r3]
    SEGS = state;
 c10204c:	e3a03785 	mov	r3, #34865152	; 0x2140000
 c102050:	e59f2010 	ldr	r2, [pc, #16]	; c102068 <segs_off+0x34>
 c102054:	e5d22000 	ldrb	r2, [r2]
 c102058:	e5c32000 	strb	r2, [r3]
}
 c10205c:	e24bd00c 	sub	sp, fp, #12
 c102060:	e89d6800 	ldm	sp, {fp, sp, lr}
 c102064:	e12fff1e 	bx	lr
 c102068:	0c1031c4 	.word	0x0c1031c4

0c10206c <segs_putchar>:

void segs_putchar( uint8 n )
{
 c10206c:	e1a0c00d 	mov	ip, sp
 c102070:	e92dd800 	push	{fp, ip, lr, pc}
 c102074:	e24cb004 	sub	fp, ip, #4
 c102078:	e24dd008 	sub	sp, sp, #8
 c10207c:	e1a03000 	mov	r3, r0
 c102080:	e54b300d 	strb	r3, [fp, #-13]
    state = n & 0x0f;
 c102084:	e55b300d 	ldrb	r3, [fp, #-13]
 c102088:	e203300f 	and	r3, r3, #15
 c10208c:	e20320ff 	and	r2, r3, #255	; 0xff
 c102090:	e59f3024 	ldr	r3, [pc, #36]	; c1020bc <segs_putchar+0x50>
 c102094:	e5c32000 	strb	r2, [r3]
    SEGS = hex2segs[state];
 c102098:	e3a03785 	mov	r3, #34865152	; 0x2140000
 c10209c:	e59f2018 	ldr	r2, [pc, #24]	; c1020bc <segs_putchar+0x50>
 c1020a0:	e5d22000 	ldrb	r2, [r2]
 c1020a4:	e59f1014 	ldr	r1, [pc, #20]	; c1020c0 <segs_putchar+0x54>
 c1020a8:	e7d12002 	ldrb	r2, [r1, r2]
 c1020ac:	e5c32000 	strb	r2, [r3]
};
 c1020b0:	e24bd00c 	sub	sp, fp, #12
 c1020b4:	e89d6800 	ldm	sp, {fp, sp, lr}
 c1020b8:	e12fff1e 	bx	lr
 c1020bc:	0c1031c4 	.word	0x0c1031c4
 c1020c0:	0c103180 	.word	0x0c103180

0c1020c4 <segs_status>:

uint8 segs_status( void )
{
 c1020c4:	e1a0c00d 	mov	ip, sp
 c1020c8:	e92dd800 	push	{fp, ip, lr, pc}
 c1020cc:	e24cb004 	sub	fp, ip, #4
    return state;
 c1020d0:	e59f3010 	ldr	r3, [pc, #16]	; c1020e8 <segs_status+0x24>
 c1020d4:	e5d33000 	ldrb	r3, [r3]
};
 c1020d8:	e1a00003 	mov	r0, r3
 c1020dc:	e24bd00c 	sub	sp, fp, #12
 c1020e0:	e89d6800 	ldm	sp, {fp, sp, lr}
 c1020e4:	e12fff1e 	bx	lr
 c1020e8:	0c1031c4 	.word	0x0c1031c4
