
lab5.elf:     file format elf32-littlearm

Sections:
Idx Name          Size      VMA       LMA       File off  Algn
  0 .text         00001e88  0c100000  0c100000  00008000  2**2
                  CONTENTS, ALLOC, LOAD, READONLY, CODE
  1 .rodata       000000cc  0c101e88  0c101e88  00009e88  2**2
                  CONTENTS, ALLOC, LOAD, READONLY, DATA
  2 .bss          00000002  0c101f54  0c101f54  00009f54  2**0
                  ALLOC
  3 .debug_abbrev 00000414  00000000  00000000  00009f54  2**0
                  CONTENTS, READONLY, DEBUGGING
  4 .debug_info   00000b13  00000000  00000000  0000a368  2**0
                  CONTENTS, READONLY, DEBUGGING
  5 .debug_line   000004e6  00000000  00000000  0000ae7b  2**0
                  CONTENTS, READONLY, DEBUGGING
  6 .debug_macinfo 00017a73  00000000  00000000  0000b361  2**0
                  CONTENTS, READONLY, DEBUGGING
  7 .debug_loc    000009f8  00000000  00000000  00022dd4  2**0
                  CONTENTS, READONLY, DEBUGGING
  8 .debug_pubnames 0000041d  00000000  00000000  000237cc  2**0
                  CONTENTS, READONLY, DEBUGGING
  9 .debug_pubtypes 000000f8  00000000  00000000  00023be9  2**0
                  CONTENTS, READONLY, DEBUGGING
 10 .debug_aranges 000000a0  00000000  00000000  00023ce1  2**0
                  CONTENTS, READONLY, DEBUGGING
 11 .debug_str    000004b0  00000000  00000000  00023d81  2**0
                  CONTENTS, READONLY, DEBUGGING
 12 .comment      0000002a  00000000  00000000  00024231  2**0
                  CONTENTS, READONLY
 13 .ARM.attributes 00000032  00000000  00000000  0002425b  2**0
                  CONTENTS, READONLY
 14 .debug_frame  00000918  00000000  00000000  00024290  2**2
                  CONTENTS, READONLY, DEBUGGING

Disassembly of section .text:

0c100000 <main>:
void isr_tick( void ) __attribute__ ((interrupt ("IRQ")));

volatile boolean flag;

void main( void )
{
 c100000:	e1a0c00d 	mov	ip, sp
 c100004:	e92dd800 	push	{fp, ip, lr, pc}
 c100008:	e24cb004 	sub	fp, ip, #4
 c10000c:	e24dd008 	sub	sp, sp, #8
	rtc_time_t rtc_time;
	
	sys_init();
 c100010:	eb00029e 	bl	c100a90 <sys_init>
	uart0_init();
 c100014:	eb0005f7 	bl	c1017f8 <uart0_init>
	rtc_init();
 c100018:	eb000099 	bl	c100284 <rtc_init>

	/************************************/

	rtc_gettime( &rtc_time );
 c10001c:	e24b3014 	sub	r3, fp, #20
 c100020:	e1a00003 	mov	r0, r3
 c100024:	eb000172 	bl	c1005f4 <rtc_gettime>

	uart0_puts( "\n\nFecha y hora iniciales: " );
 c100028:	e59f01e4 	ldr	r0, [pc, #484]	; c100214 <main+0x214>
 c10002c:	eb000630 	bl	c1018f4 <uart0_puts>
	uart0_putint( rtc_time.mday );
 c100030:	e55b3011 	ldrb	r3, [fp, #-17]	; 0xffffffef
 c100034:	e1a00003 	mov	r0, r3
 c100038:	eb000665 	bl	c1019d4 <uart0_putint>
	uart0_putchar( '/' );
 c10003c:	e3a0002f 	mov	r0, #47	; 0x2f
 c100040:	eb000605 	bl	c10185c <uart0_putchar>
	uart0_putint( rtc_time.mon );
 c100044:	e55b300f 	ldrb	r3, [fp, #-15]
 c100048:	e1a00003 	mov	r0, r3
 c10004c:	eb000660 	bl	c1019d4 <uart0_putint>
	uart0_putchar( '/' );
 c100050:	e3a0002f 	mov	r0, #47	; 0x2f
 c100054:	eb000600 	bl	c10185c <uart0_putchar>
	uart0_putint( rtc_time.year );
 c100058:	e55b300e 	ldrb	r3, [fp, #-14]
 c10005c:	e1a00003 	mov	r0, r3
 c100060:	eb00065b 	bl	c1019d4 <uart0_putint>
	uart0_putchar( ' ' );
 c100064:	e3a00020 	mov	r0, #32
 c100068:	eb0005fb 	bl	c10185c <uart0_putchar>
	uart0_putint( rtc_time.hour );
 c10006c:	e55b3012 	ldrb	r3, [fp, #-18]	; 0xffffffee
 c100070:	e1a00003 	mov	r0, r3
 c100074:	eb000656 	bl	c1019d4 <uart0_putint>
	uart0_putchar( ':' );
 c100078:	e3a0003a 	mov	r0, #58	; 0x3a
 c10007c:	eb0005f6 	bl	c10185c <uart0_putchar>
	uart0_putint( rtc_time.min );
 c100080:	e55b3013 	ldrb	r3, [fp, #-19]	; 0xffffffed
 c100084:	e1a00003 	mov	r0, r3
 c100088:	eb000651 	bl	c1019d4 <uart0_putint>
	uart0_putchar( ':' );
 c10008c:	e3a0003a 	mov	r0, #58	; 0x3a
 c100090:	eb0005f1 	bl	c10185c <uart0_putchar>
	uart0_putint( rtc_time.sec );
 c100094:	e55b3014 	ldrb	r3, [fp, #-20]	; 0xffffffec
 c100098:	e1a00003 	mov	r0, r3
 c10009c:	eb00064c 	bl	c1019d4 <uart0_putint>

	/************************************/

	uart0_puts( "\nIntroduzca nueva fecha\n" );
 c1000a0:	e59f0170 	ldr	r0, [pc, #368]	; c100218 <main+0x218>
 c1000a4:	eb000612 	bl	c1018f4 <uart0_puts>
	uart0_puts( "  - Dia: " );
 c1000a8:	e59f016c 	ldr	r0, [pc, #364]	; c10021c <main+0x21c>
 c1000ac:	eb000610 	bl	c1018f4 <uart0_puts>
	rtc_time.mday = (uint8) uart0_getint();
 c1000b0:	eb0006c3 	bl	c101bc4 <uart0_getint>
 c1000b4:	e1a03000 	mov	r3, r0
 c1000b8:	e20330ff 	and	r3, r3, #255	; 0xff
 c1000bc:	e54b3011 	strb	r3, [fp, #-17]	; 0xffffffef
	uart0_puts( "  - Mes: " );
 c1000c0:	e59f0158 	ldr	r0, [pc, #344]	; c100220 <main+0x220>
 c1000c4:	eb00060a 	bl	c1018f4 <uart0_puts>
	rtc_time.mon = (uint8) uart0_getint();
 c1000c8:	eb0006bd 	bl	c101bc4 <uart0_getint>
 c1000cc:	e1a03000 	mov	r3, r0
 c1000d0:	e20330ff 	and	r3, r3, #255	; 0xff
 c1000d4:	e54b300f 	strb	r3, [fp, #-15]
	uart0_puts( "  - Año (2 digitos): " );
 c1000d8:	e59f0144 	ldr	r0, [pc, #324]	; c100224 <main+0x224>
 c1000dc:	eb000604 	bl	c1018f4 <uart0_puts>
	rtc_time.year = (uint8) uart0_getint();
 c1000e0:	eb0006b7 	bl	c101bc4 <uart0_getint>
 c1000e4:	e1a03000 	mov	r3, r0
 c1000e8:	e20330ff 	and	r3, r3, #255	; 0xff
 c1000ec:	e54b300e 	strb	r3, [fp, #-14]
	uart0_puts( "Introduzca nueva hora\n" );
 c1000f0:	e59f0130 	ldr	r0, [pc, #304]	; c100228 <main+0x228>
 c1000f4:	eb0005fe 	bl	c1018f4 <uart0_puts>
	uart0_puts( "  - Hora: " );
 c1000f8:	e59f012c 	ldr	r0, [pc, #300]	; c10022c <main+0x22c>
 c1000fc:	eb0005fc 	bl	c1018f4 <uart0_puts>
	rtc_time.hour = (uint8) uart0_getint();
 c100100:	eb0006af 	bl	c101bc4 <uart0_getint>
 c100104:	e1a03000 	mov	r3, r0
 c100108:	e20330ff 	and	r3, r3, #255	; 0xff
 c10010c:	e54b3012 	strb	r3, [fp, #-18]	; 0xffffffee
	uart0_puts( "  - Minuto: " );
 c100110:	e59f0118 	ldr	r0, [pc, #280]	; c100230 <main+0x230>
 c100114:	eb0005f6 	bl	c1018f4 <uart0_puts>
	rtc_time.min = (uint8) uart0_getint();
 c100118:	eb0006a9 	bl	c101bc4 <uart0_getint>
 c10011c:	e1a03000 	mov	r3, r0
 c100120:	e20330ff 	and	r3, r3, #255	; 0xff
 c100124:	e54b3013 	strb	r3, [fp, #-19]	; 0xffffffed
	uart0_puts( "  - Segundo: " );
 c100128:	e59f0104 	ldr	r0, [pc, #260]	; c100234 <main+0x234>
 c10012c:	eb0005f0 	bl	c1018f4 <uart0_puts>
	rtc_time.sec = (uint8) uart0_getint();
 c100130:	eb0006a3 	bl	c101bc4 <uart0_getint>
 c100134:	e1a03000 	mov	r3, r0
 c100138:	e20330ff 	and	r3, r3, #255	; 0xff
 c10013c:	e54b3014 	strb	r3, [fp, #-20]	; 0xffffffec

	rtc_puttime( &rtc_time );
 c100140:	e24b3014 	sub	r3, fp, #20
 c100144:	e1a00003 	mov	r0, r3
 c100148:	eb000097 	bl	c1003ac <rtc_puttime>

	/************************************/

    flag = FALSE;
 c10014c:	e59f30e4 	ldr	r3, [pc, #228]	; c100238 <main+0x238>
 c100150:	e3a02000 	mov	r2, #0
 c100154:	e5c32000 	strb	r2, [r3]
	rtc_open( isr_tick, 127 );
 c100158:	e59f00dc 	ldr	r0, [pc, #220]	; c10023c <main+0x23c>
 c10015c:	e3a0107f 	mov	r1, #127	; 0x7f
 c100160:	eb000218 	bl	c1009c8 <rtc_open>
 c100164:	ea000000 	b	c10016c <main+0x16c>
            uart0_putchar( ':' );
            uart0_putint( rtc_time.min );
            uart0_putchar( ':' );
            uart0_putint( rtc_time.sec );
            
        };
 c100168:	e1a00000 	nop			; (mov r0, r0)
	rtc_open( isr_tick, 127 );

	/************************************/
	
	while( 1 )
        if( flag )
 c10016c:	e59f30c4 	ldr	r3, [pc, #196]	; c100238 <main+0x238>
 c100170:	e5d33000 	ldrb	r3, [r3]
 c100174:	e20330ff 	and	r3, r3, #255	; 0xff
 c100178:	e3530000 	cmp	r3, #0
 c10017c:	0afffff9 	beq	c100168 <main+0x168>
        {            
            flag = FALSE;
 c100180:	e59f30b0 	ldr	r3, [pc, #176]	; c100238 <main+0x238>
 c100184:	e3a02000 	mov	r2, #0
 c100188:	e5c32000 	strb	r2, [r3]

        	rtc_gettime( &rtc_time );
 c10018c:	e24b3014 	sub	r3, fp, #20
 c100190:	e1a00003 	mov	r0, r3
 c100194:	eb000116 	bl	c1005f4 <rtc_gettime>

            uart0_puts( "\nFecha y hora: " );
 c100198:	e59f00a0 	ldr	r0, [pc, #160]	; c100240 <main+0x240>
 c10019c:	eb0005d4 	bl	c1018f4 <uart0_puts>
            uart0_putint( rtc_time.mday );
 c1001a0:	e55b3011 	ldrb	r3, [fp, #-17]	; 0xffffffef
 c1001a4:	e1a00003 	mov	r0, r3
 c1001a8:	eb000609 	bl	c1019d4 <uart0_putint>
            uart0_putchar( '/' );
 c1001ac:	e3a0002f 	mov	r0, #47	; 0x2f
 c1001b0:	eb0005a9 	bl	c10185c <uart0_putchar>
            uart0_putint( rtc_time.mon );
 c1001b4:	e55b300f 	ldrb	r3, [fp, #-15]
 c1001b8:	e1a00003 	mov	r0, r3
 c1001bc:	eb000604 	bl	c1019d4 <uart0_putint>
            uart0_putchar( '/' );
 c1001c0:	e3a0002f 	mov	r0, #47	; 0x2f
 c1001c4:	eb0005a4 	bl	c10185c <uart0_putchar>
            uart0_putint( rtc_time.year );
 c1001c8:	e55b300e 	ldrb	r3, [fp, #-14]
 c1001cc:	e1a00003 	mov	r0, r3
 c1001d0:	eb0005ff 	bl	c1019d4 <uart0_putint>
            uart0_putchar( ' ' );
 c1001d4:	e3a00020 	mov	r0, #32
 c1001d8:	eb00059f 	bl	c10185c <uart0_putchar>
            uart0_putint( rtc_time.hour );
 c1001dc:	e55b3012 	ldrb	r3, [fp, #-18]	; 0xffffffee
 c1001e0:	e1a00003 	mov	r0, r3
 c1001e4:	eb0005fa 	bl	c1019d4 <uart0_putint>
            uart0_putchar( ':' );
 c1001e8:	e3a0003a 	mov	r0, #58	; 0x3a
 c1001ec:	eb00059a 	bl	c10185c <uart0_putchar>
            uart0_putint( rtc_time.min );
 c1001f0:	e55b3013 	ldrb	r3, [fp, #-19]	; 0xffffffed
 c1001f4:	e1a00003 	mov	r0, r3
 c1001f8:	eb0005f5 	bl	c1019d4 <uart0_putint>
            uart0_putchar( ':' );
 c1001fc:	e3a0003a 	mov	r0, #58	; 0x3a
 c100200:	eb000595 	bl	c10185c <uart0_putchar>
            uart0_putint( rtc_time.sec );
 c100204:	e55b3014 	ldrb	r3, [fp, #-20]	; 0xffffffec
 c100208:	e1a00003 	mov	r0, r3
 c10020c:	eb0005f0 	bl	c1019d4 <uart0_putint>
            
        };
 c100210:	eaffffd5 	b	c10016c <main+0x16c>
 c100214:	0c101e88 	.word	0x0c101e88
 c100218:	0c101ea4 	.word	0x0c101ea4
 c10021c:	0c101ec0 	.word	0x0c101ec0
 c100220:	0c101ecc 	.word	0x0c101ecc
 c100224:	0c101ed8 	.word	0x0c101ed8
 c100228:	0c101ef0 	.word	0x0c101ef0
 c10022c:	0c101f08 	.word	0x0c101f08
 c100230:	0c101f14 	.word	0x0c101f14
 c100234:	0c101f24 	.word	0x0c101f24
 c100238:	0c101f55 	.word	0x0c101f55
 c10023c:	0c100244 	.word	0x0c100244
 c100240:	0c101f34 	.word	0x0c101f34

0c100244 <isr_tick>:
}

void isr_tick( void )
{
 c100244:	e52dc004 	push	{ip}		; (str ip, [sp, #-4]!)
 c100248:	e1a0c00d 	mov	ip, sp
 c10024c:	e92dd80c 	push	{r2, r3, fp, ip, lr, pc}
 c100250:	e24cb004 	sub	fp, ip, #4
    flag = TRUE;
 c100254:	e59f3020 	ldr	r3, [pc, #32]	; c10027c <isr_tick+0x38>
 c100258:	e3a02001 	mov	r2, #1
 c10025c:	e5c32000 	strb	r2, [r3]
    I_ISPC = BIT_TICK;
 c100260:	e59f3018 	ldr	r3, [pc, #24]	; c100280 <isr_tick+0x3c>
 c100264:	e3a02601 	mov	r2, #1048576	; 0x100000
 c100268:	e5832000 	str	r2, [r3]
}
 c10026c:	e24bd014 	sub	sp, fp, #20
 c100270:	e89d680c 	ldm	sp, {r2, r3, fp, sp, lr}
 c100274:	e49dc004 	pop	{ip}		; (ldr ip, [sp], #4)
 c100278:	e25ef004 	subs	pc, lr, #4
 c10027c:	0c101f55 	.word	0x0c101f55
 c100280:	01e00024 	.word	0x01e00024

0c100284 <rtc_init>:
#include <rtc.h>

extern void isr_TICK_dummy( void );

void rtc_init( void )
{
 c100284:	e1a0c00d 	mov	ip, sp
 c100288:	e92dd800 	push	{fp, ip, lr, pc}
 c10028c:	e24cb004 	sub	fp, ip, #4
    TICNT   = 0;			// Tick desactivado
 c100290:	e59f30d0 	ldr	r3, [pc, #208]	; c100368 <rtc_init+0xe4>
 c100294:	e3a02000 	mov	r2, #0
 c100298:	e5832000 	str	r2, [r3]
	RTCALM  = 0;			// Alarma desactivada	
 c10029c:	e59f30c8 	ldr	r3, [pc, #200]	; c10036c <rtc_init+0xe8>
 c1002a0:	e3a02000 	mov	r2, #0
 c1002a4:	e5832000 	str	r2, [r3]
	RTCRST  = 0;			// Round reset desactivado 
 c1002a8:	e59f30c0 	ldr	r3, [pc, #192]	; c100370 <rtc_init+0xec>
 c1002ac:	e3a02000 	mov	r2, #0
 c1002b0:	e5832000 	str	r2, [r3]
		
	RTCCON  = 0x1;			// No reset, merge BCD Counters, XTAL, activar R/W de registros
 c1002b4:	e59f30b8 	ldr	r3, [pc, #184]	; c100374 <rtc_init+0xf0>
 c1002b8:	e3a02001 	mov	r2, #1
 c1002bc:	e5832000 	str	r2, [r3]
	
    BCDYEAR = (0x13);		// 2013
 c1002c0:	e59f30b0 	ldr	r3, [pc, #176]	; c100378 <rtc_init+0xf4>
 c1002c4:	e3a02013 	mov	r2, #19
 c1002c8:	e5832000 	str	r2, [r3]
    BCDMON  = (0x01);       // enero
 c1002cc:	e59f30a8 	ldr	r3, [pc, #168]	; c10037c <rtc_init+0xf8>
 c1002d0:	e3a02001 	mov	r2, #1
 c1002d4:	e5832000 	str	r2, [r3]
    BCDDAY  = (0x01);       // 1
 c1002d8:	e59f30a0 	ldr	r3, [pc, #160]	; c100380 <rtc_init+0xfc>
 c1002dc:	e3a02001 	mov	r2, #1
 c1002e0:	e5832000 	str	r2, [r3]
    BCDDATE = (0x03);       // martes SUN:1 MON:2 TUE:3 WED:4 THU:5 FRI:6 SAT:7
 c1002e4:	e59f3098 	ldr	r3, [pc, #152]	; c100384 <rtc_init+0x100>
 c1002e8:	e3a02003 	mov	r2, #3
 c1002ec:	e5832000 	str	r2, [r3]
    BCDHOUR = (0x00);
 c1002f0:	e59f3090 	ldr	r3, [pc, #144]	; c100388 <rtc_init+0x104>
 c1002f4:	e3a02000 	mov	r2, #0
 c1002f8:	e5832000 	str	r2, [r3]
    BCDMIN  = (0x00);
 c1002fc:	e59f3088 	ldr	r3, [pc, #136]	; c10038c <rtc_init+0x108>
 c100300:	e3a02000 	mov	r2, #0
 c100304:	e5832000 	str	r2, [r3]
    BCDSEC  = (0x00);
 c100308:	e59f3080 	ldr	r3, [pc, #128]	; c100390 <rtc_init+0x10c>
 c10030c:	e3a02000 	mov	r2, #0
 c100310:	e5832000 	str	r2, [r3]

    ALMYEAR = 0;			// Inicializa registros de alarma
 c100314:	e59f3078 	ldr	r3, [pc, #120]	; c100394 <rtc_init+0x110>
 c100318:	e3a02000 	mov	r2, #0
 c10031c:	e5832000 	str	r2, [r3]
    ALMMON  = 0;
 c100320:	e59f3070 	ldr	r3, [pc, #112]	; c100398 <rtc_init+0x114>
 c100324:	e3a02000 	mov	r2, #0
 c100328:	e5832000 	str	r2, [r3]
    ALMDAY  = 0;
 c10032c:	e59f3068 	ldr	r3, [pc, #104]	; c10039c <rtc_init+0x118>
 c100330:	e3a02000 	mov	r2, #0
 c100334:	e5832000 	str	r2, [r3]
    ALMHOUR = 0;
 c100338:	e59f3060 	ldr	r3, [pc, #96]	; c1003a0 <rtc_init+0x11c>
 c10033c:	e3a02000 	mov	r2, #0
 c100340:	e5832000 	str	r2, [r3]
    ALMMIN  = 0;
 c100344:	e59f3058 	ldr	r3, [pc, #88]	; c1003a4 <rtc_init+0x120>
 c100348:	e3a02000 	mov	r2, #0
 c10034c:	e5832000 	str	r2, [r3]
    ALMSEC  = 0;
 c100350:	e59f3050 	ldr	r3, [pc, #80]	; c1003a8 <rtc_init+0x124>
 c100354:	e3a02000 	mov	r2, #0
 c100358:	e5832000 	str	r2, [r3]
}
 c10035c:	e24bd00c 	sub	sp, fp, #12
 c100360:	e89d6800 	ldm	sp, {fp, sp, lr}
 c100364:	e12fff1e 	bx	lr
 c100368:	01d7008c 	.word	0x01d7008c
 c10036c:	01d70050 	.word	0x01d70050
 c100370:	01d7006c 	.word	0x01d7006c
 c100374:	01d70040 	.word	0x01d70040
 c100378:	01d70088 	.word	0x01d70088
 c10037c:	01d70084 	.word	0x01d70084
 c100380:	01d7007c 	.word	0x01d7007c
 c100384:	01d70080 	.word	0x01d70080
 c100388:	01d70078 	.word	0x01d70078
 c10038c:	01d70074 	.word	0x01d70074
 c100390:	01d70070 	.word	0x01d70070
 c100394:	01d70068 	.word	0x01d70068
 c100398:	01d70064 	.word	0x01d70064
 c10039c:	01d70060 	.word	0x01d70060
 c1003a0:	01d7005c 	.word	0x01d7005c
 c1003a4:	01d70058 	.word	0x01d70058
 c1003a8:	01d70054 	.word	0x01d70054

0c1003ac <rtc_puttime>:

void rtc_puttime( rtc_time_t *rtc_time )
{  
 c1003ac:	e1a0c00d 	mov	ip, sp
 c1003b0:	e92dd800 	push	{fp, ip, lr, pc}
 c1003b4:	e24cb004 	sub	fp, ip, #4
 c1003b8:	e24dd008 	sub	sp, sp, #8
 c1003bc:	e50b0010 	str	r0, [fp, #-16]
	BCDYEAR = ((rtc_time->year/10)<<4) + rtc_time->year%10;
 c1003c0:	e59f020c 	ldr	r0, [pc, #524]	; c1005d4 <rtc_puttime+0x228>
 c1003c4:	e51b3010 	ldr	r3, [fp, #-16]
 c1003c8:	e5d32006 	ldrb	r2, [r3, #6]
 c1003cc:	e59f3204 	ldr	r3, [pc, #516]	; c1005d8 <rtc_puttime+0x22c>
 c1003d0:	e0831392 	umull	r1, r3, r2, r3
 c1003d4:	e1a031a3 	lsr	r3, r3, #3
 c1003d8:	e20330ff 	and	r3, r3, #255	; 0xff
 c1003dc:	e1a0c203 	lsl	ip, r3, #4
 c1003e0:	e51b3010 	ldr	r3, [fp, #-16]
 c1003e4:	e5d32006 	ldrb	r2, [r3, #6]
 c1003e8:	e59f31e8 	ldr	r3, [pc, #488]	; c1005d8 <rtc_puttime+0x22c>
 c1003ec:	e0831392 	umull	r1, r3, r2, r3
 c1003f0:	e1a011a3 	lsr	r1, r3, #3
 c1003f4:	e1a03001 	mov	r3, r1
 c1003f8:	e1a03103 	lsl	r3, r3, #2
 c1003fc:	e0833001 	add	r3, r3, r1
 c100400:	e1a03083 	lsl	r3, r3, #1
 c100404:	e0633002 	rsb	r3, r3, r2
 c100408:	e20330ff 	and	r3, r3, #255	; 0xff
 c10040c:	e08c3003 	add	r3, ip, r3
 c100410:	e5803000 	str	r3, [r0]
	BCDMON  = ((rtc_time->mon/10)<<4) + rtc_time->mon%10;
 c100414:	e59f01c0 	ldr	r0, [pc, #448]	; c1005dc <rtc_puttime+0x230>
 c100418:	e51b3010 	ldr	r3, [fp, #-16]
 c10041c:	e5d32005 	ldrb	r2, [r3, #5]
 c100420:	e59f31b0 	ldr	r3, [pc, #432]	; c1005d8 <rtc_puttime+0x22c>
 c100424:	e0831392 	umull	r1, r3, r2, r3
 c100428:	e1a031a3 	lsr	r3, r3, #3
 c10042c:	e20330ff 	and	r3, r3, #255	; 0xff
 c100430:	e1a0c203 	lsl	ip, r3, #4
 c100434:	e51b3010 	ldr	r3, [fp, #-16]
 c100438:	e5d32005 	ldrb	r2, [r3, #5]
 c10043c:	e59f3194 	ldr	r3, [pc, #404]	; c1005d8 <rtc_puttime+0x22c>
 c100440:	e0831392 	umull	r1, r3, r2, r3
 c100444:	e1a011a3 	lsr	r1, r3, #3
 c100448:	e1a03001 	mov	r3, r1
 c10044c:	e1a03103 	lsl	r3, r3, #2
 c100450:	e0833001 	add	r3, r3, r1
 c100454:	e1a03083 	lsl	r3, r3, #1
 c100458:	e0633002 	rsb	r3, r3, r2
 c10045c:	e20330ff 	and	r3, r3, #255	; 0xff
 c100460:	e08c3003 	add	r3, ip, r3
 c100464:	e5803000 	str	r3, [r0]
	BCDDAY  = ((rtc_time->mday/10)<<4) + rtc_time->mday%10;
 c100468:	e59f0170 	ldr	r0, [pc, #368]	; c1005e0 <rtc_puttime+0x234>
 c10046c:	e51b3010 	ldr	r3, [fp, #-16]
 c100470:	e5d32003 	ldrb	r2, [r3, #3]
 c100474:	e59f315c 	ldr	r3, [pc, #348]	; c1005d8 <rtc_puttime+0x22c>
 c100478:	e0831392 	umull	r1, r3, r2, r3
 c10047c:	e1a031a3 	lsr	r3, r3, #3
 c100480:	e20330ff 	and	r3, r3, #255	; 0xff
 c100484:	e1a0c203 	lsl	ip, r3, #4
 c100488:	e51b3010 	ldr	r3, [fp, #-16]
 c10048c:	e5d32003 	ldrb	r2, [r3, #3]
 c100490:	e59f3140 	ldr	r3, [pc, #320]	; c1005d8 <rtc_puttime+0x22c>
 c100494:	e0831392 	umull	r1, r3, r2, r3
 c100498:	e1a011a3 	lsr	r1, r3, #3
 c10049c:	e1a03001 	mov	r3, r1
 c1004a0:	e1a03103 	lsl	r3, r3, #2
 c1004a4:	e0833001 	add	r3, r3, r1
 c1004a8:	e1a03083 	lsl	r3, r3, #1
 c1004ac:	e0633002 	rsb	r3, r3, r2
 c1004b0:	e20330ff 	and	r3, r3, #255	; 0xff
 c1004b4:	e08c3003 	add	r3, ip, r3
 c1004b8:	e5803000 	str	r3, [r0]
	BCDDATE = rtc_time->wday;
 c1004bc:	e59f3120 	ldr	r3, [pc, #288]	; c1005e4 <rtc_puttime+0x238>
 c1004c0:	e51b2010 	ldr	r2, [fp, #-16]
 c1004c4:	e5d22004 	ldrb	r2, [r2, #4]
 c1004c8:	e5832000 	str	r2, [r3]
	BCDHOUR = ((rtc_time->hour/10)<<4) + rtc_time->hour%10;
 c1004cc:	e59f0114 	ldr	r0, [pc, #276]	; c1005e8 <rtc_puttime+0x23c>
 c1004d0:	e51b3010 	ldr	r3, [fp, #-16]
 c1004d4:	e5d32002 	ldrb	r2, [r3, #2]
 c1004d8:	e59f30f8 	ldr	r3, [pc, #248]	; c1005d8 <rtc_puttime+0x22c>
 c1004dc:	e0831392 	umull	r1, r3, r2, r3
 c1004e0:	e1a031a3 	lsr	r3, r3, #3
 c1004e4:	e20330ff 	and	r3, r3, #255	; 0xff
 c1004e8:	e1a0c203 	lsl	ip, r3, #4
 c1004ec:	e51b3010 	ldr	r3, [fp, #-16]
 c1004f0:	e5d32002 	ldrb	r2, [r3, #2]
 c1004f4:	e59f30dc 	ldr	r3, [pc, #220]	; c1005d8 <rtc_puttime+0x22c>
 c1004f8:	e0831392 	umull	r1, r3, r2, r3
 c1004fc:	e1a011a3 	lsr	r1, r3, #3
 c100500:	e1a03001 	mov	r3, r1
 c100504:	e1a03103 	lsl	r3, r3, #2
 c100508:	e0833001 	add	r3, r3, r1
 c10050c:	e1a03083 	lsl	r3, r3, #1
 c100510:	e0633002 	rsb	r3, r3, r2
 c100514:	e20330ff 	and	r3, r3, #255	; 0xff
 c100518:	e08c3003 	add	r3, ip, r3
 c10051c:	e5803000 	str	r3, [r0]
	BCDMIN  = ((rtc_time->min/10)<<4) + rtc_time->min%10;
 c100520:	e59f00c4 	ldr	r0, [pc, #196]	; c1005ec <rtc_puttime+0x240>
 c100524:	e51b3010 	ldr	r3, [fp, #-16]
 c100528:	e5d32001 	ldrb	r2, [r3, #1]
 c10052c:	e59f30a4 	ldr	r3, [pc, #164]	; c1005d8 <rtc_puttime+0x22c>
 c100530:	e0831392 	umull	r1, r3, r2, r3
 c100534:	e1a031a3 	lsr	r3, r3, #3
 c100538:	e20330ff 	and	r3, r3, #255	; 0xff
 c10053c:	e1a0c203 	lsl	ip, r3, #4
 c100540:	e51b3010 	ldr	r3, [fp, #-16]
 c100544:	e5d32001 	ldrb	r2, [r3, #1]
 c100548:	e59f3088 	ldr	r3, [pc, #136]	; c1005d8 <rtc_puttime+0x22c>
 c10054c:	e0831392 	umull	r1, r3, r2, r3
 c100550:	e1a011a3 	lsr	r1, r3, #3
 c100554:	e1a03001 	mov	r3, r1
 c100558:	e1a03103 	lsl	r3, r3, #2
 c10055c:	e0833001 	add	r3, r3, r1
 c100560:	e1a03083 	lsl	r3, r3, #1
 c100564:	e0633002 	rsb	r3, r3, r2
 c100568:	e20330ff 	and	r3, r3, #255	; 0xff
 c10056c:	e08c3003 	add	r3, ip, r3
 c100570:	e5803000 	str	r3, [r0]
	BCDSEC  = ((rtc_time->sec/10)<<4) + rtc_time->sec%10;
 c100574:	e59f0074 	ldr	r0, [pc, #116]	; c1005f0 <rtc_puttime+0x244>
 c100578:	e51b3010 	ldr	r3, [fp, #-16]
 c10057c:	e5d32000 	ldrb	r2, [r3]
 c100580:	e59f3050 	ldr	r3, [pc, #80]	; c1005d8 <rtc_puttime+0x22c>
 c100584:	e0831392 	umull	r1, r3, r2, r3
 c100588:	e1a031a3 	lsr	r3, r3, #3
 c10058c:	e20330ff 	and	r3, r3, #255	; 0xff
 c100590:	e1a0c203 	lsl	ip, r3, #4
 c100594:	e51b3010 	ldr	r3, [fp, #-16]
 c100598:	e5d32000 	ldrb	r2, [r3]
 c10059c:	e59f3034 	ldr	r3, [pc, #52]	; c1005d8 <rtc_puttime+0x22c>
 c1005a0:	e0831392 	umull	r1, r3, r2, r3
 c1005a4:	e1a011a3 	lsr	r1, r3, #3
 c1005a8:	e1a03001 	mov	r3, r1
 c1005ac:	e1a03103 	lsl	r3, r3, #2
 c1005b0:	e0833001 	add	r3, r3, r1
 c1005b4:	e1a03083 	lsl	r3, r3, #1
 c1005b8:	e0633002 	rsb	r3, r3, r2
 c1005bc:	e20330ff 	and	r3, r3, #255	; 0xff
 c1005c0:	e08c3003 	add	r3, ip, r3
 c1005c4:	e5803000 	str	r3, [r0]
}
 c1005c8:	e24bd00c 	sub	sp, fp, #12
 c1005cc:	e89d6800 	ldm	sp, {fp, sp, lr}
 c1005d0:	e12fff1e 	bx	lr
 c1005d4:	01d70088 	.word	0x01d70088
 c1005d8:	cccccccd 	.word	0xcccccccd
 c1005dc:	01d70084 	.word	0x01d70084
 c1005e0:	01d7007c 	.word	0x01d7007c
 c1005e4:	01d70080 	.word	0x01d70080
 c1005e8:	01d70078 	.word	0x01d70078
 c1005ec:	01d70074 	.word	0x01d70074
 c1005f0:	01d70070 	.word	0x01d70070

0c1005f4 <rtc_gettime>:

void rtc_gettime( rtc_time_t *rtc_time )
{
 c1005f4:	e1a0c00d 	mov	ip, sp
 c1005f8:	e92dd800 	push	{fp, ip, lr, pc}
 c1005fc:	e24cb004 	sub	fp, ip, #4
 c100600:	e24dd008 	sub	sp, sp, #8
 c100604:	e50b0010 	str	r0, [fp, #-16]
	rtc_time->year = (BCDYEAR & 0xF) + (BCDYEAR >>4)*10;
 c100608:	e59f339c 	ldr	r3, [pc, #924]	; c1009ac <rtc_gettime+0x3b8>
 c10060c:	e5933000 	ldr	r3, [r3]
 c100610:	e20330ff 	and	r3, r3, #255	; 0xff
 c100614:	e203300f 	and	r3, r3, #15
 c100618:	e20320ff 	and	r2, r3, #255	; 0xff
 c10061c:	e59f3388 	ldr	r3, [pc, #904]	; c1009ac <rtc_gettime+0x3b8>
 c100620:	e5933000 	ldr	r3, [r3]
 c100624:	e1a03223 	lsr	r3, r3, #4
 c100628:	e20330ff 	and	r3, r3, #255	; 0xff
 c10062c:	e1a01003 	mov	r1, r3
 c100630:	e1a01101 	lsl	r1, r1, #2
 c100634:	e0813003 	add	r3, r1, r3
 c100638:	e1a03083 	lsl	r3, r3, #1
 c10063c:	e20330ff 	and	r3, r3, #255	; 0xff
 c100640:	e0823003 	add	r3, r2, r3
 c100644:	e20320ff 	and	r2, r3, #255	; 0xff
 c100648:	e51b3010 	ldr	r3, [fp, #-16]
 c10064c:	e5c32006 	strb	r2, [r3, #6]
	rtc_time->mon  = (BCDMON & 0xF) + (BCDMON >>4)*10;
 c100650:	e59f3358 	ldr	r3, [pc, #856]	; c1009b0 <rtc_gettime+0x3bc>
 c100654:	e5933000 	ldr	r3, [r3]
 c100658:	e20330ff 	and	r3, r3, #255	; 0xff
 c10065c:	e203300f 	and	r3, r3, #15
 c100660:	e20320ff 	and	r2, r3, #255	; 0xff
 c100664:	e59f3344 	ldr	r3, [pc, #836]	; c1009b0 <rtc_gettime+0x3bc>
 c100668:	e5933000 	ldr	r3, [r3]
 c10066c:	e1a03223 	lsr	r3, r3, #4
 c100670:	e20330ff 	and	r3, r3, #255	; 0xff
 c100674:	e1a01003 	mov	r1, r3
 c100678:	e1a01101 	lsl	r1, r1, #2
 c10067c:	e0813003 	add	r3, r1, r3
 c100680:	e1a03083 	lsl	r3, r3, #1
 c100684:	e20330ff 	and	r3, r3, #255	; 0xff
 c100688:	e0823003 	add	r3, r2, r3
 c10068c:	e20320ff 	and	r2, r3, #255	; 0xff
 c100690:	e51b3010 	ldr	r3, [fp, #-16]
 c100694:	e5c32005 	strb	r2, [r3, #5]
	rtc_time->mday = (BCDDAY & 0xF) + (BCDDAY >>4)*10;
 c100698:	e59f3314 	ldr	r3, [pc, #788]	; c1009b4 <rtc_gettime+0x3c0>
 c10069c:	e5933000 	ldr	r3, [r3]
 c1006a0:	e20330ff 	and	r3, r3, #255	; 0xff
 c1006a4:	e203300f 	and	r3, r3, #15
 c1006a8:	e20320ff 	and	r2, r3, #255	; 0xff
 c1006ac:	e59f3300 	ldr	r3, [pc, #768]	; c1009b4 <rtc_gettime+0x3c0>
 c1006b0:	e5933000 	ldr	r3, [r3]
 c1006b4:	e1a03223 	lsr	r3, r3, #4
 c1006b8:	e20330ff 	and	r3, r3, #255	; 0xff
 c1006bc:	e1a01003 	mov	r1, r3
 c1006c0:	e1a01101 	lsl	r1, r1, #2
 c1006c4:	e0813003 	add	r3, r1, r3
 c1006c8:	e1a03083 	lsl	r3, r3, #1
 c1006cc:	e20330ff 	and	r3, r3, #255	; 0xff
 c1006d0:	e0823003 	add	r3, r2, r3
 c1006d4:	e20320ff 	and	r2, r3, #255	; 0xff
 c1006d8:	e51b3010 	ldr	r3, [fp, #-16]
 c1006dc:	e5c32003 	strb	r2, [r3, #3]
	rtc_time->wday = BCDDATE;
 c1006e0:	e59f32d0 	ldr	r3, [pc, #720]	; c1009b8 <rtc_gettime+0x3c4>
 c1006e4:	e5933000 	ldr	r3, [r3]
 c1006e8:	e20320ff 	and	r2, r3, #255	; 0xff
 c1006ec:	e51b3010 	ldr	r3, [fp, #-16]
 c1006f0:	e5c32004 	strb	r2, [r3, #4]
	rtc_time->hour = (BCDHOUR & 0xF) + (BCDHOUR >>4)*10;
 c1006f4:	e59f32c0 	ldr	r3, [pc, #704]	; c1009bc <rtc_gettime+0x3c8>
 c1006f8:	e5933000 	ldr	r3, [r3]
 c1006fc:	e20330ff 	and	r3, r3, #255	; 0xff
 c100700:	e203300f 	and	r3, r3, #15
 c100704:	e20320ff 	and	r2, r3, #255	; 0xff
 c100708:	e59f32ac 	ldr	r3, [pc, #684]	; c1009bc <rtc_gettime+0x3c8>
 c10070c:	e5933000 	ldr	r3, [r3]
 c100710:	e1a03223 	lsr	r3, r3, #4
 c100714:	e20330ff 	and	r3, r3, #255	; 0xff
 c100718:	e1a01003 	mov	r1, r3
 c10071c:	e1a01101 	lsl	r1, r1, #2
 c100720:	e0813003 	add	r3, r1, r3
 c100724:	e1a03083 	lsl	r3, r3, #1
 c100728:	e20330ff 	and	r3, r3, #255	; 0xff
 c10072c:	e0823003 	add	r3, r2, r3
 c100730:	e20320ff 	and	r2, r3, #255	; 0xff
 c100734:	e51b3010 	ldr	r3, [fp, #-16]
 c100738:	e5c32002 	strb	r2, [r3, #2]
	rtc_time->min  = (BCDMIN & 0xF) + (BCDMIN >>4)*10;
 c10073c:	e59f327c 	ldr	r3, [pc, #636]	; c1009c0 <rtc_gettime+0x3cc>
 c100740:	e5933000 	ldr	r3, [r3]
 c100744:	e20330ff 	and	r3, r3, #255	; 0xff
 c100748:	e203300f 	and	r3, r3, #15
 c10074c:	e20320ff 	and	r2, r3, #255	; 0xff
 c100750:	e59f3268 	ldr	r3, [pc, #616]	; c1009c0 <rtc_gettime+0x3cc>
 c100754:	e5933000 	ldr	r3, [r3]
 c100758:	e1a03223 	lsr	r3, r3, #4
 c10075c:	e20330ff 	and	r3, r3, #255	; 0xff
 c100760:	e1a01003 	mov	r1, r3
 c100764:	e1a01101 	lsl	r1, r1, #2
 c100768:	e0813003 	add	r3, r1, r3
 c10076c:	e1a03083 	lsl	r3, r3, #1
 c100770:	e20330ff 	and	r3, r3, #255	; 0xff
 c100774:	e0823003 	add	r3, r2, r3
 c100778:	e20320ff 	and	r2, r3, #255	; 0xff
 c10077c:	e51b3010 	ldr	r3, [fp, #-16]
 c100780:	e5c32001 	strb	r2, [r3, #1]
	rtc_time->sec  = (BCDSEC & 0xF) + (BCDSEC >>4)*10;
 c100784:	e59f3238 	ldr	r3, [pc, #568]	; c1009c4 <rtc_gettime+0x3d0>
 c100788:	e5933000 	ldr	r3, [r3]
 c10078c:	e20330ff 	and	r3, r3, #255	; 0xff
 c100790:	e203300f 	and	r3, r3, #15
 c100794:	e20320ff 	and	r2, r3, #255	; 0xff
 c100798:	e59f3224 	ldr	r3, [pc, #548]	; c1009c4 <rtc_gettime+0x3d0>
 c10079c:	e5933000 	ldr	r3, [r3]
 c1007a0:	e1a03223 	lsr	r3, r3, #4
 c1007a4:	e20330ff 	and	r3, r3, #255	; 0xff
 c1007a8:	e1a01003 	mov	r1, r3
 c1007ac:	e1a01101 	lsl	r1, r1, #2
 c1007b0:	e0813003 	add	r3, r1, r3
 c1007b4:	e1a03083 	lsl	r3, r3, #1
 c1007b8:	e20330ff 	and	r3, r3, #255	; 0xff
 c1007bc:	e0823003 	add	r3, r2, r3
 c1007c0:	e20320ff 	and	r2, r3, #255	; 0xff
 c1007c4:	e51b3010 	ldr	r3, [fp, #-16]
 c1007c8:	e5c32000 	strb	r2, [r3]
	if( ! rtc_time->sec ){
 c1007cc:	e51b3010 	ldr	r3, [fp, #-16]
 c1007d0:	e5d33000 	ldrb	r3, [r3]
 c1007d4:	e3530000 	cmp	r3, #0
 c1007d8:	1a000070 	bne	c1009a0 <rtc_gettime+0x3ac>
		rtc_time->year = (BCDYEAR & 0xF) + (BCDYEAR >>4)*10;
 c1007dc:	e59f31c8 	ldr	r3, [pc, #456]	; c1009ac <rtc_gettime+0x3b8>
 c1007e0:	e5933000 	ldr	r3, [r3]
 c1007e4:	e20330ff 	and	r3, r3, #255	; 0xff
 c1007e8:	e203300f 	and	r3, r3, #15
 c1007ec:	e20320ff 	and	r2, r3, #255	; 0xff
 c1007f0:	e59f31b4 	ldr	r3, [pc, #436]	; c1009ac <rtc_gettime+0x3b8>
 c1007f4:	e5933000 	ldr	r3, [r3]
 c1007f8:	e1a03223 	lsr	r3, r3, #4
 c1007fc:	e20330ff 	and	r3, r3, #255	; 0xff
 c100800:	e1a01003 	mov	r1, r3
 c100804:	e1a01101 	lsl	r1, r1, #2
 c100808:	e0813003 	add	r3, r1, r3
 c10080c:	e1a03083 	lsl	r3, r3, #1
 c100810:	e20330ff 	and	r3, r3, #255	; 0xff
 c100814:	e0823003 	add	r3, r2, r3
 c100818:	e20320ff 	and	r2, r3, #255	; 0xff
 c10081c:	e51b3010 	ldr	r3, [fp, #-16]
 c100820:	e5c32006 	strb	r2, [r3, #6]
		rtc_time->mon  = (BCDMON & 0xF) + (BCDMON >>4)*10;
 c100824:	e59f3184 	ldr	r3, [pc, #388]	; c1009b0 <rtc_gettime+0x3bc>
 c100828:	e5933000 	ldr	r3, [r3]
 c10082c:	e20330ff 	and	r3, r3, #255	; 0xff
 c100830:	e203300f 	and	r3, r3, #15
 c100834:	e20320ff 	and	r2, r3, #255	; 0xff
 c100838:	e59f3170 	ldr	r3, [pc, #368]	; c1009b0 <rtc_gettime+0x3bc>
 c10083c:	e5933000 	ldr	r3, [r3]
 c100840:	e1a03223 	lsr	r3, r3, #4
 c100844:	e20330ff 	and	r3, r3, #255	; 0xff
 c100848:	e1a01003 	mov	r1, r3
 c10084c:	e1a01101 	lsl	r1, r1, #2
 c100850:	e0813003 	add	r3, r1, r3
 c100854:	e1a03083 	lsl	r3, r3, #1
 c100858:	e20330ff 	and	r3, r3, #255	; 0xff
 c10085c:	e0823003 	add	r3, r2, r3
 c100860:	e20320ff 	and	r2, r3, #255	; 0xff
 c100864:	e51b3010 	ldr	r3, [fp, #-16]
 c100868:	e5c32005 	strb	r2, [r3, #5]
		rtc_time->mday = (BCDDAY & 0xF) + (BCDDAY >>4)*10;
 c10086c:	e59f3140 	ldr	r3, [pc, #320]	; c1009b4 <rtc_gettime+0x3c0>
 c100870:	e5933000 	ldr	r3, [r3]
 c100874:	e20330ff 	and	r3, r3, #255	; 0xff
 c100878:	e203300f 	and	r3, r3, #15
 c10087c:	e20320ff 	and	r2, r3, #255	; 0xff
 c100880:	e59f312c 	ldr	r3, [pc, #300]	; c1009b4 <rtc_gettime+0x3c0>
 c100884:	e5933000 	ldr	r3, [r3]
 c100888:	e1a03223 	lsr	r3, r3, #4
 c10088c:	e20330ff 	and	r3, r3, #255	; 0xff
 c100890:	e1a01003 	mov	r1, r3
 c100894:	e1a01101 	lsl	r1, r1, #2
 c100898:	e0813003 	add	r3, r1, r3
 c10089c:	e1a03083 	lsl	r3, r3, #1
 c1008a0:	e20330ff 	and	r3, r3, #255	; 0xff
 c1008a4:	e0823003 	add	r3, r2, r3
 c1008a8:	e20320ff 	and	r2, r3, #255	; 0xff
 c1008ac:	e51b3010 	ldr	r3, [fp, #-16]
 c1008b0:	e5c32003 	strb	r2, [r3, #3]
		rtc_time->wday = BCDDATE;
 c1008b4:	e59f30fc 	ldr	r3, [pc, #252]	; c1009b8 <rtc_gettime+0x3c4>
 c1008b8:	e5933000 	ldr	r3, [r3]
 c1008bc:	e20320ff 	and	r2, r3, #255	; 0xff
 c1008c0:	e51b3010 	ldr	r3, [fp, #-16]
 c1008c4:	e5c32004 	strb	r2, [r3, #4]
		rtc_time->hour = (BCDHOUR & 0xF) + (BCDHOUR >>4)*10;
 c1008c8:	e59f30ec 	ldr	r3, [pc, #236]	; c1009bc <rtc_gettime+0x3c8>
 c1008cc:	e5933000 	ldr	r3, [r3]
 c1008d0:	e20330ff 	and	r3, r3, #255	; 0xff
 c1008d4:	e203300f 	and	r3, r3, #15
 c1008d8:	e20320ff 	and	r2, r3, #255	; 0xff
 c1008dc:	e59f30d8 	ldr	r3, [pc, #216]	; c1009bc <rtc_gettime+0x3c8>
 c1008e0:	e5933000 	ldr	r3, [r3]
 c1008e4:	e1a03223 	lsr	r3, r3, #4
 c1008e8:	e20330ff 	and	r3, r3, #255	; 0xff
 c1008ec:	e1a01003 	mov	r1, r3
 c1008f0:	e1a01101 	lsl	r1, r1, #2
 c1008f4:	e0813003 	add	r3, r1, r3
 c1008f8:	e1a03083 	lsl	r3, r3, #1
 c1008fc:	e20330ff 	and	r3, r3, #255	; 0xff
 c100900:	e0823003 	add	r3, r2, r3
 c100904:	e20320ff 	and	r2, r3, #255	; 0xff
 c100908:	e51b3010 	ldr	r3, [fp, #-16]
 c10090c:	e5c32002 	strb	r2, [r3, #2]
		rtc_time->min  = (BCDMIN & 0xF) + (BCDMIN >>4)*10;
 c100910:	e59f30a8 	ldr	r3, [pc, #168]	; c1009c0 <rtc_gettime+0x3cc>
 c100914:	e5933000 	ldr	r3, [r3]
 c100918:	e20330ff 	and	r3, r3, #255	; 0xff
 c10091c:	e203300f 	and	r3, r3, #15
 c100920:	e20320ff 	and	r2, r3, #255	; 0xff
 c100924:	e59f3094 	ldr	r3, [pc, #148]	; c1009c0 <rtc_gettime+0x3cc>
 c100928:	e5933000 	ldr	r3, [r3]
 c10092c:	e1a03223 	lsr	r3, r3, #4
 c100930:	e20330ff 	and	r3, r3, #255	; 0xff
 c100934:	e1a01003 	mov	r1, r3
 c100938:	e1a01101 	lsl	r1, r1, #2
 c10093c:	e0813003 	add	r3, r1, r3
 c100940:	e1a03083 	lsl	r3, r3, #1
 c100944:	e20330ff 	and	r3, r3, #255	; 0xff
 c100948:	e0823003 	add	r3, r2, r3
 c10094c:	e20320ff 	and	r2, r3, #255	; 0xff
 c100950:	e51b3010 	ldr	r3, [fp, #-16]
 c100954:	e5c32001 	strb	r2, [r3, #1]
		rtc_time->sec  = (BCDSEC & 0xF) + (BCDSEC >>4)*10;
 c100958:	e59f3064 	ldr	r3, [pc, #100]	; c1009c4 <rtc_gettime+0x3d0>
 c10095c:	e5933000 	ldr	r3, [r3]
 c100960:	e20330ff 	and	r3, r3, #255	; 0xff
 c100964:	e203300f 	and	r3, r3, #15
 c100968:	e20320ff 	and	r2, r3, #255	; 0xff
 c10096c:	e59f3050 	ldr	r3, [pc, #80]	; c1009c4 <rtc_gettime+0x3d0>
 c100970:	e5933000 	ldr	r3, [r3]
 c100974:	e1a03223 	lsr	r3, r3, #4
 c100978:	e20330ff 	and	r3, r3, #255	; 0xff
 c10097c:	e1a01003 	mov	r1, r3
 c100980:	e1a01101 	lsl	r1, r1, #2
 c100984:	e0813003 	add	r3, r1, r3
 c100988:	e1a03083 	lsl	r3, r3, #1
 c10098c:	e20330ff 	and	r3, r3, #255	; 0xff
 c100990:	e0823003 	add	r3, r2, r3
 c100994:	e20320ff 	and	r2, r3, #255	; 0xff
 c100998:	e51b3010 	ldr	r3, [fp, #-16]
 c10099c:	e5c32000 	strb	r2, [r3]
	};
}
 c1009a0:	e24bd00c 	sub	sp, fp, #12
 c1009a4:	e89d6800 	ldm	sp, {fp, sp, lr}
 c1009a8:	e12fff1e 	bx	lr
 c1009ac:	01d70088 	.word	0x01d70088
 c1009b0:	01d70084 	.word	0x01d70084
 c1009b4:	01d7007c 	.word	0x01d7007c
 c1009b8:	01d70080 	.word	0x01d70080
 c1009bc:	01d70078 	.word	0x01d70078
 c1009c0:	01d70074 	.word	0x01d70074
 c1009c4:	01d70070 	.word	0x01d70070

0c1009c8 <rtc_open>:

void rtc_open( void (*isr)(void), uint8 tick_count )
{
 c1009c8:	e1a0c00d 	mov	ip, sp
 c1009cc:	e92dd800 	push	{fp, ip, lr, pc}
 c1009d0:	e24cb004 	sub	fp, ip, #4
 c1009d4:	e24dd008 	sub	sp, sp, #8
 c1009d8:	e50b0010 	str	r0, [fp, #-16]
 c1009dc:	e1a03001 	mov	r3, r1
 c1009e0:	e54b3011 	strb	r3, [fp, #-17]	; 0xffffffef
    pISR_TICK = (uint32)isr;
 c1009e4:	e59f3040 	ldr	r3, [pc, #64]	; c100a2c <rtc_open+0x64>
 c1009e8:	e51b2010 	ldr	r2, [fp, #-16]
 c1009ec:	e5832000 	str	r2, [r3]
    I_ISPC    = BIT_TICK;
 c1009f0:	e59f3038 	ldr	r3, [pc, #56]	; c100a30 <rtc_open+0x68>
 c1009f4:	e3a02601 	mov	r2, #1048576	; 0x100000
 c1009f8:	e5832000 	str	r2, [r3]
    INTMSK   &= ~(BIT_GLOBAL | BIT_TICK);
 c1009fc:	e59f3030 	ldr	r3, [pc, #48]	; c100a34 <rtc_open+0x6c>
 c100a00:	e59f202c 	ldr	r2, [pc, #44]	; c100a34 <rtc_open+0x6c>
 c100a04:	e5922000 	ldr	r2, [r2]
 c100a08:	e3c22641 	bic	r2, r2, #68157440	; 0x4100000
 c100a0c:	e5832000 	str	r2, [r3]
    TICNT     = (1 << 7) | (tick_count & 0x7F);
 c100a10:	e59f3020 	ldr	r3, [pc, #32]	; c100a38 <rtc_open+0x70>
 c100a14:	e55b2011 	ldrb	r2, [fp, #-17]	; 0xffffffef
 c100a18:	e3822080 	orr	r2, r2, #128	; 0x80
 c100a1c:	e5832000 	str	r2, [r3]
}
 c100a20:	e24bd00c 	sub	sp, fp, #12
 c100a24:	e89d6800 	ldm	sp, {fp, sp, lr}
 c100a28:	e12fff1e 	bx	lr
 c100a2c:	0c7fff70 	.word	0x0c7fff70
 c100a30:	01e00024 	.word	0x01e00024
 c100a34:	01e0000c 	.word	0x01e0000c
 c100a38:	01d7008c 	.word	0x01d7008c

0c100a3c <rtc_close>:

void rtc_close( void )
{
 c100a3c:	e1a0c00d 	mov	ip, sp
 c100a40:	e92dd800 	push	{fp, ip, lr, pc}
 c100a44:	e24cb004 	sub	fp, ip, #4
	TICNT     = 0x0;
 c100a48:	e59f3030 	ldr	r3, [pc, #48]	; c100a80 <rtc_close+0x44>
 c100a4c:	e3a02000 	mov	r2, #0
 c100a50:	e5832000 	str	r2, [r3]
	INTMSK   |= ((1<<20));
 c100a54:	e59f3028 	ldr	r3, [pc, #40]	; c100a84 <rtc_close+0x48>
 c100a58:	e59f2024 	ldr	r2, [pc, #36]	; c100a84 <rtc_close+0x48>
 c100a5c:	e5922000 	ldr	r2, [r2]
 c100a60:	e3822601 	orr	r2, r2, #1048576	; 0x100000
 c100a64:	e5832000 	str	r2, [r3]
	pISR_TICK = (uint32) isr_TICK_dummy;
 c100a68:	e59f3018 	ldr	r3, [pc, #24]	; c100a88 <rtc_close+0x4c>
 c100a6c:	e59f2018 	ldr	r2, [pc, #24]	; c100a8c <rtc_close+0x50>
 c100a70:	e5832000 	str	r2, [r3]
}
 c100a74:	e24bd00c 	sub	sp, fp, #12
 c100a78:	e89d6800 	ldm	sp, {fp, sp, lr}
 c100a7c:	e12fff1e 	bx	lr
 c100a80:	01d7008c 	.word	0x01d7008c
 c100a84:	01e0000c 	.word	0x01e0000c
 c100a88:	0c7fff70 	.word	0x0c7fff70
 c100a8c:	0c101408 	.word	0x0c101408

0c100a90 <sys_init>:
void isr_TS_dummy( void )       __attribute__ ((interrupt ("IRQ")));
void isr_KEYPAD_dummy( void ) 	__attribute__ ((interrupt ("IRQ"))); 
void isr_USB_dummy( void ) 		__attribute__ ((interrupt ("IRQ")));

void sys_init( void )
{
 c100a90:	e1a0c00d 	mov	ip, sp
 c100a94:	e92dd800 	push	{fp, ip, lr, pc}
 c100a98:	e24cb004 	sub	fp, ip, #4
 c100a9c:	e24dd008 	sub	sp, sp, #8
    uint8 mode;

    WTCON  = 0;             // deshabilita el watchdog    
 c100aa0:	e59f30f4 	ldr	r3, [pc, #244]	; c100b9c <sys_init+0x10c>
 c100aa4:	e3a02000 	mov	r2, #0
 c100aa8:	e5832000 	str	r2, [r3]
    INTMSK = ~0;            // enmascara todas las interrupciones
 c100aac:	e59f30ec 	ldr	r3, [pc, #236]	; c100ba0 <sys_init+0x110>
 c100ab0:	e3e02000 	mvn	r2, #0
 c100ab4:	e5832000 	str	r2, [r3]
    
    GET_OPMODE( &mode );    // lee el modo de ejecución del procesador
 c100ab8:	e10f0000 	mrs	r0, CPSR
 c100abc:	e200001f 	and	r0, r0, #31
 c100ac0:	e54b000d 	strb	r0, [fp, #-13]
    if( mode != SVCMODE )
 c100ac4:	e55b300d 	ldrb	r3, [fp, #-13]
 c100ac8:	e3530013 	cmp	r3, #19
 c100acc:	0a000000 	beq	c100ad4 <sys_init+0x44>
        sys_recovery();     // si no es SVC (por una reejecución de la aplicación tras una excepción sin reset HW previo) recupera el modo SVC y restaura las pilas del sistema
 c100ad0:	eb0002c0 	bl	c1015d8 <sys_recovery>

    // Configuracion del gestor de reloj
    LOCKTIME = 0xfff;       // estabilizacion del PLL = 512 us
 c100ad4:	e59f30c8 	ldr	r3, [pc, #200]	; c100ba4 <sys_init+0x114>
 c100ad8:	e59f20c8 	ldr	r2, [pc, #200]	; c100ba8 <sys_init+0x118>
 c100adc:	e5832000 	str	r2, [r3]
    PLLCON   = 0x38021;     // MCLK = 64MHz
 c100ae0:	e3a03776 	mov	r3, #30932992	; 0x1d80000
 c100ae4:	e59f20c0 	ldr	r2, [pc, #192]	; c100bac <sys_init+0x11c>
 c100ae8:	e5832000 	str	r2, [r3]
    CLKSLOW  = 0x8;         // MCLK_SLOW = 500 KHz
 c100aec:	e59f30bc 	ldr	r3, [pc, #188]	; c100bb0 <sys_init+0x120>
 c100af0:	e3a02008 	mov	r2, #8
 c100af4:	e5832000 	str	r2, [r3]
    CLKCON   = 0x7ff8;      // modo NORMAL y reloj distribuido a todos los controladores
 c100af8:	e59f30b4 	ldr	r3, [pc, #180]	; c100bb4 <sys_init+0x124>
 c100afc:	e59f20b4 	ldr	r2, [pc, #180]	; c100bb8 <sys_init+0x128>
 c100b00:	e5832000 	str	r2, [r3]

    // Configuracion del arbitro de bus   
    SBUSCON = 0x8000001b;   // prioridad fija por defecto LCD > ZDMA > BDMA > IRQ
 c100b04:	e3a03771 	mov	r3, #29622272	; 0x1c40000
 c100b08:	e3a0216e 	mov	r2, #-2147483621	; 0x8000001b
 c100b0c:	e5832000 	str	r2, [r3]
    
    // Configuracion de cache   
    SYSCFG = 0;             // deshabilitada
 c100b10:	e3a03507 	mov	r3, #29360128	; 0x1c00000
 c100b14:	e3a02000 	mov	r2, #0
 c100b18:	e5832000 	str	r2, [r3]

    // Configuacion del controlador de interrupciones    
    I_PMST = 0x1f1b;        // prioridades fijas por defecto
 c100b1c:	e59f3098 	ldr	r3, [pc, #152]	; c100bbc <sys_init+0x12c>
 c100b20:	e59f2098 	ldr	r2, [pc, #152]	; c100bc0 <sys_init+0x130>
 c100b24:	e5832000 	str	r2, [r3]
    I_PSLV = 0x1b1b1b1b;
 c100b28:	e59f3094 	ldr	r3, [pc, #148]	; c100bc4 <sys_init+0x134>
 c100b2c:	e59f2094 	ldr	r2, [pc, #148]	; c100bc8 <sys_init+0x138>
 c100b30:	e5832000 	str	r2, [r3]
    INTMOD = 0;             // todas las interrupciones en modo IRQ
 c100b34:	e59f3090 	ldr	r3, [pc, #144]	; c100bcc <sys_init+0x13c>
 c100b38:	e3a02000 	mov	r2, #0
 c100b3c:	e5832000 	str	r2, [r3]
    install_dummy_isr();    // instala rutinas de tratamiento por defecto para todas las interrupciones
 c100b40:	eb000086 	bl	c100d60 <install_dummy_isr>
    EXTINTPND = ~0;         // borra las interrupciones externas pendientes por linea EINT7..4
 c100b44:	e59f3084 	ldr	r3, [pc, #132]	; c100bd0 <sys_init+0x140>
 c100b48:	e3e02000 	mvn	r2, #0
 c100b4c:	e5832000 	str	r2, [r3]
    I_ISPC = ~0;            // borra todas las interrupciones pendientes
 c100b50:	e59f307c 	ldr	r3, [pc, #124]	; c100bd4 <sys_init+0x144>
 c100b54:	e3e02000 	mvn	r2, #0
 c100b58:	e5832000 	str	r2, [r3]
    INTCON = 1;             // IRQ vectorizadas, linea IRQ activada, linea FIQ desactivada
 c100b5c:	e3a0361e 	mov	r3, #31457280	; 0x1e00000
 c100b60:	e3a02001 	mov	r2, #1
 c100b64:	e5832000 	str	r2, [r3]
    SET_IRQFLAG( 0 );       // Habilita IRQ en el procesador
 c100b68:	e10f0000 	mrs	r0, CPSR
 c100b6c:	e3c00080 	bic	r0, r0, #128	; 0x80
 c100b70:	e3800000 	orr	r0, r0, #0
 c100b74:	e121f000 	msr	CPSR_c, r0
    SET_FIQFLAG( 1 );       // Deshabilita FIQ en el procesador
 c100b78:	e10f0000 	mrs	r0, CPSR
 c100b7c:	e3c00040 	bic	r0, r0, #64	; 0x40
 c100b80:	e3800040 	orr	r0, r0, #64	; 0x40
 c100b84:	e121f000 	msr	CPSR_c, r0

    // Configuracion de puertos
    port_init();
 c100b88:	eb000012 	bl	c100bd8 <port_init>
    
    // Configuracion de dispositivos
    segs_init();
 c100b8c:	eb000488 	bl	c101db4 <segs_init>
}
 c100b90:	e24bd00c 	sub	sp, fp, #12
 c100b94:	e89d6800 	ldm	sp, {fp, sp, lr}
 c100b98:	e12fff1e 	bx	lr
 c100b9c:	01d30000 	.word	0x01d30000
 c100ba0:	01e0000c 	.word	0x01e0000c
 c100ba4:	01d8000c 	.word	0x01d8000c
 c100ba8:	00000fff 	.word	0x00000fff
 c100bac:	00038021 	.word	0x00038021
 c100bb0:	01d80008 	.word	0x01d80008
 c100bb4:	01d80004 	.word	0x01d80004
 c100bb8:	00007ff8 	.word	0x00007ff8
 c100bbc:	01e00014 	.word	0x01e00014
 c100bc0:	00001f1b 	.word	0x00001f1b
 c100bc4:	01e00010 	.word	0x01e00010
 c100bc8:	1b1b1b1b 	.word	0x1b1b1b1b
 c100bcc:	01e00008 	.word	0x01e00008
 c100bd0:	01d20054 	.word	0x01d20054
 c100bd4:	01e00024 	.word	0x01e00024

0c100bd8 <port_init>:

static inline void port_init( void )
{
 c100bd8:	e1a0c00d 	mov	ip, sp
 c100bdc:	e92dd800 	push	{fp, ip, lr, pc}
 c100be0:	e24cb004 	sub	fp, ip, #4
	PDATA   = ~0;
 c100be4:	e59f3100 	ldr	r3, [pc, #256]	; c100cec <port_init+0x114>
 c100be8:	e3e02000 	mvn	r2, #0
 c100bec:	e5832000 	str	r2, [r3]
	PCONA 	= 0xFE;
 c100bf0:	e59f30f8 	ldr	r3, [pc, #248]	; c100cf0 <port_init+0x118>
 c100bf4:	e3a020fe 	mov	r2, #254	; 0xfe
 c100bf8:	e5832000 	str	r2, [r3]
	PDATB   = ~0;
 c100bfc:	e59f30f0 	ldr	r3, [pc, #240]	; c100cf4 <port_init+0x11c>
 c100c00:	e3e02000 	mvn	r2, #0
 c100c04:	e5832000 	str	r2, [r3]
	PCONB 	= 0x14F;
 c100c08:	e59f30e8 	ldr	r3, [pc, #232]	; c100cf8 <port_init+0x120>
 c100c0c:	e59f20e8 	ldr	r2, [pc, #232]	; c100cfc <port_init+0x124>
 c100c10:	e5832000 	str	r2, [r3]
	PDATC   = ~0;
 c100c14:	e59f30e4 	ldr	r3, [pc, #228]	; c100d00 <port_init+0x128>
 c100c18:	e3e02000 	mvn	r2, #0
 c100c1c:	e5832000 	str	r2, [r3]
	PCONC 	= 0x5FF555FF;
 c100c20:	e59f30dc 	ldr	r3, [pc, #220]	; c100d04 <port_init+0x12c>
 c100c24:	e59f20dc 	ldr	r2, [pc, #220]	; c100d08 <port_init+0x130>
 c100c28:	e5832000 	str	r2, [r3]
	PUPC 	= 0x94FB;
 c100c2c:	e59f30d8 	ldr	r3, [pc, #216]	; c100d0c <port_init+0x134>
 c100c30:	e59f20d8 	ldr	r2, [pc, #216]	; c100d10 <port_init+0x138>
 c100c34:	e5832000 	str	r2, [r3]
	PDATD   = ~0;
 c100c38:	e59f30d4 	ldr	r3, [pc, #212]	; c100d14 <port_init+0x13c>
 c100c3c:	e3e02000 	mvn	r2, #0
 c100c40:	e5832000 	str	r2, [r3]
	PCOND 	= 0xAAAA;
 c100c44:	e59f30cc 	ldr	r3, [pc, #204]	; c100d18 <port_init+0x140>
 c100c48:	e59f20cc 	ldr	r2, [pc, #204]	; c100d1c <port_init+0x144>
 c100c4c:	e5832000 	str	r2, [r3]
	PUPD 	= 0xFF;
 c100c50:	e59f30c8 	ldr	r3, [pc, #200]	; c100d20 <port_init+0x148>
 c100c54:	e3a020ff 	mov	r2, #255	; 0xff
 c100c58:	e5832000 	str	r2, [r3]
	PDATE   = ~0;
 c100c5c:	e59f30c0 	ldr	r3, [pc, #192]	; c100d24 <port_init+0x14c>
 c100c60:	e3e02000 	mvn	r2, #0
 c100c64:	e5832000 	str	r2, [r3]
	PCONE 	= 0x255A9;
 c100c68:	e59f30b8 	ldr	r3, [pc, #184]	; c100d28 <port_init+0x150>
 c100c6c:	e59f20b8 	ldr	r2, [pc, #184]	; c100d2c <port_init+0x154>
 c100c70:	e5832000 	str	r2, [r3]
	PUPE 	= 0xFB;
 c100c74:	e59f30b4 	ldr	r3, [pc, #180]	; c100d30 <port_init+0x158>
 c100c78:	e3a020fb 	mov	r2, #251	; 0xfb
 c100c7c:	e5832000 	str	r2, [r3]
	PDATF   = ~0;
 c100c80:	e59f30ac 	ldr	r3, [pc, #172]	; c100d34 <port_init+0x15c>
 c100c84:	e3e02000 	mvn	r2, #0
 c100c88:	e5832000 	str	r2, [r3]
	PCONF 	= 0x251A;
 c100c8c:	e59f30a4 	ldr	r3, [pc, #164]	; c100d38 <port_init+0x160>
 c100c90:	e59f20a4 	ldr	r2, [pc, #164]	; c100d3c <port_init+0x164>
 c100c94:	e5832000 	str	r2, [r3]
	PUPF 	= 0x74;
 c100c98:	e59f30a0 	ldr	r3, [pc, #160]	; c100d40 <port_init+0x168>
 c100c9c:	e3a02074 	mov	r2, #116	; 0x74
 c100ca0:	e5832000 	str	r2, [r3]
	PDATG   = ~0;
 c100ca4:	e59f3098 	ldr	r3, [pc, #152]	; c100d44 <port_init+0x16c>
 c100ca8:	e3e02000 	mvn	r2, #0
 c100cac:	e5832000 	str	r2, [r3]
	PCONG 	= 0xF5FF;
 c100cb0:	e59f3090 	ldr	r3, [pc, #144]	; c100d48 <port_init+0x170>
 c100cb4:	e59f2090 	ldr	r2, [pc, #144]	; c100d4c <port_init+0x174>
 c100cb8:	e5832000 	str	r2, [r3]
	PUPG 	= 0x30;
 c100cbc:	e59f308c 	ldr	r3, [pc, #140]	; c100d50 <port_init+0x178>
 c100cc0:	e3a02030 	mov	r2, #48	; 0x30
 c100cc4:	e5832000 	str	r2, [r3]
	SPUCR 	= 0x7;
 c100cc8:	e59f3084 	ldr	r3, [pc, #132]	; c100d54 <port_init+0x17c>
 c100ccc:	e3a02007 	mov	r2, #7
 c100cd0:	e5832000 	str	r2, [r3]
	EXTINT	= 0x22000220;
 c100cd4:	e59f307c 	ldr	r3, [pc, #124]	; c100d58 <port_init+0x180>
 c100cd8:	e59f207c 	ldr	r2, [pc, #124]	; c100d5c <port_init+0x184>
 c100cdc:	e5832000 	str	r2, [r3]
}
 c100ce0:	e24bd00c 	sub	sp, fp, #12
 c100ce4:	e89d6800 	ldm	sp, {fp, sp, lr}
 c100ce8:	e12fff1e 	bx	lr
 c100cec:	01d20004 	.word	0x01d20004
 c100cf0:	01d20000 	.word	0x01d20000
 c100cf4:	01d2000c 	.word	0x01d2000c
 c100cf8:	01d20008 	.word	0x01d20008
 c100cfc:	0000014f 	.word	0x0000014f
 c100d00:	01d20014 	.word	0x01d20014
 c100d04:	01d20010 	.word	0x01d20010
 c100d08:	5ff555ff 	.word	0x5ff555ff
 c100d0c:	01d20018 	.word	0x01d20018
 c100d10:	000094fb 	.word	0x000094fb
 c100d14:	01d20020 	.word	0x01d20020
 c100d18:	01d2001c 	.word	0x01d2001c
 c100d1c:	0000aaaa 	.word	0x0000aaaa
 c100d20:	01d20024 	.word	0x01d20024
 c100d24:	01d2002c 	.word	0x01d2002c
 c100d28:	01d20028 	.word	0x01d20028
 c100d2c:	000255a9 	.word	0x000255a9
 c100d30:	01d20030 	.word	0x01d20030
 c100d34:	01d20038 	.word	0x01d20038
 c100d38:	01d20034 	.word	0x01d20034
 c100d3c:	0000251a 	.word	0x0000251a
 c100d40:	01d2003c 	.word	0x01d2003c
 c100d44:	01d20044 	.word	0x01d20044
 c100d48:	01d20040 	.word	0x01d20040
 c100d4c:	0000f5ff 	.word	0x0000f5ff
 c100d50:	01d20048 	.word	0x01d20048
 c100d54:	01d2004c 	.word	0x01d2004c
 c100d58:	01d20050 	.word	0x01d20050
 c100d5c:	22000220 	.word	0x22000220

0c100d60 <install_dummy_isr>:

static inline void install_dummy_isr( void )
{ 
 c100d60:	e1a0c00d 	mov	ip, sp
 c100d64:	e92dd800 	push	{fp, ip, lr, pc}
 c100d68:	e24cb004 	sub	fp, ip, #4
	pISR_SWI = 	  	(uint32) isr_SWI_dummy;
 c100d6c:	e59f3184 	ldr	r3, [pc, #388]	; c100ef8 <install_dummy_isr+0x198>
 c100d70:	e59f2184 	ldr	r2, [pc, #388]	; c100efc <install_dummy_isr+0x19c>
 c100d74:	e5832000 	str	r2, [r3]
	pISR_UNDEF =  	(uint32) isr_UNDEF_dummy;
 c100d78:	e59f3180 	ldr	r3, [pc, #384]	; c100f00 <install_dummy_isr+0x1a0>
 c100d7c:	e59f2180 	ldr	r2, [pc, #384]	; c100f04 <install_dummy_isr+0x1a4>
 c100d80:	e5832000 	str	r2, [r3]
	pISR_IRQ =    	(uint32) isr_IRQ_dummy;
 c100d84:	e59f317c 	ldr	r3, [pc, #380]	; c100f08 <install_dummy_isr+0x1a8>
 c100d88:	e59f217c 	ldr	r2, [pc, #380]	; c100f0c <install_dummy_isr+0x1ac>
 c100d8c:	e5832000 	str	r2, [r3]
	pISR_FIQ = 	  	(uint32) isr_FIQ_dummy;
 c100d90:	e59f3178 	ldr	r3, [pc, #376]	; c100f10 <install_dummy_isr+0x1b0>
 c100d94:	e59f2178 	ldr	r2, [pc, #376]	; c100f14 <install_dummy_isr+0x1b4>
 c100d98:	e5832000 	str	r2, [r3]
	pISR_PABORT = 	(uint32) isr_PABORT_dummy;
 c100d9c:	e59f3174 	ldr	r3, [pc, #372]	; c100f18 <install_dummy_isr+0x1b8>
 c100da0:	e59f2174 	ldr	r2, [pc, #372]	; c100f1c <install_dummy_isr+0x1bc>
 c100da4:	e5832000 	str	r2, [r3]
	pISR_DABORT = 	(uint32) isr_DABORT_dummy;
 c100da8:	e59f3170 	ldr	r3, [pc, #368]	; c100f20 <install_dummy_isr+0x1c0>
 c100dac:	e59f2170 	ldr	r2, [pc, #368]	; c100f24 <install_dummy_isr+0x1c4>
 c100db0:	e5832000 	str	r2, [r3]
	pISR_ADC = 	  	(uint32) isr_ADC_dummy;
 c100db4:	e59f316c 	ldr	r3, [pc, #364]	; c100f28 <install_dummy_isr+0x1c8>
 c100db8:	e59f216c 	ldr	r2, [pc, #364]	; c100f2c <install_dummy_isr+0x1cc>
 c100dbc:	e5832000 	str	r2, [r3]
	pISR_RTC = 	  	(uint32) isr_RTC_dummy;
 c100dc0:	e59f3168 	ldr	r3, [pc, #360]	; c100f30 <install_dummy_isr+0x1d0>
 c100dc4:	e59f2168 	ldr	r2, [pc, #360]	; c100f34 <install_dummy_isr+0x1d4>
 c100dc8:	e5832000 	str	r2, [r3]
	pISR_UTXD1 =  	(uint32) isr_UTXD1_dummy;
 c100dcc:	e59f3164 	ldr	r3, [pc, #356]	; c100f38 <install_dummy_isr+0x1d8>
 c100dd0:	e59f2164 	ldr	r2, [pc, #356]	; c100f3c <install_dummy_isr+0x1dc>
 c100dd4:	e5832000 	str	r2, [r3]
	pISR_UTXD0 =  	(uint32) isr_UTXD0_dummy;
 c100dd8:	e59f3160 	ldr	r3, [pc, #352]	; c100f40 <install_dummy_isr+0x1e0>
 c100ddc:	e59f2160 	ldr	r2, [pc, #352]	; c100f44 <install_dummy_isr+0x1e4>
 c100de0:	e5832000 	str	r2, [r3]
	pISR_SIO =    	(uint32) isr_SIO_dummy;
 c100de4:	e59f315c 	ldr	r3, [pc, #348]	; c100f48 <install_dummy_isr+0x1e8>
 c100de8:	e59f215c 	ldr	r2, [pc, #348]	; c100f4c <install_dummy_isr+0x1ec>
 c100dec:	e5832000 	str	r2, [r3]
	pISR_IIC =    	(uint32) isr_IIC_dummy;
 c100df0:	e59f3158 	ldr	r3, [pc, #344]	; c100f50 <install_dummy_isr+0x1f0>
 c100df4:	e59f2158 	ldr	r2, [pc, #344]	; c100f54 <install_dummy_isr+0x1f4>
 c100df8:	e5832000 	str	r2, [r3]
	pISR_URXD1 =  	(uint32) isr_URXD1_dummy;
 c100dfc:	e59f3154 	ldr	r3, [pc, #340]	; c100f58 <install_dummy_isr+0x1f8>
 c100e00:	e59f2154 	ldr	r2, [pc, #340]	; c100f5c <install_dummy_isr+0x1fc>
 c100e04:	e5832000 	str	r2, [r3]
	pISR_URXD0 =  	(uint32) isr_URXD0_dummy;
 c100e08:	e59f3150 	ldr	r3, [pc, #336]	; c100f60 <install_dummy_isr+0x200>
 c100e0c:	e59f2150 	ldr	r2, [pc, #336]	; c100f64 <install_dummy_isr+0x204>
 c100e10:	e5832000 	str	r2, [r3]
	pISR_TIMER5 = 	(uint32) isr_TIMER5_dummy;
 c100e14:	e59f314c 	ldr	r3, [pc, #332]	; c100f68 <install_dummy_isr+0x208>
 c100e18:	e59f214c 	ldr	r2, [pc, #332]	; c100f6c <install_dummy_isr+0x20c>
 c100e1c:	e5832000 	str	r2, [r3]
	pISR_TIMER4 = 	(uint32) isr_TIMER4_dummy;
 c100e20:	e59f3148 	ldr	r3, [pc, #328]	; c100f70 <install_dummy_isr+0x210>
 c100e24:	e59f2148 	ldr	r2, [pc, #328]	; c100f74 <install_dummy_isr+0x214>
 c100e28:	e5832000 	str	r2, [r3]
	pISR_TIMER3 = 	(uint32) isr_TIMER3_dummy;	
 c100e2c:	e59f3144 	ldr	r3, [pc, #324]	; c100f78 <install_dummy_isr+0x218>
 c100e30:	e59f2144 	ldr	r2, [pc, #324]	; c100f7c <install_dummy_isr+0x21c>
 c100e34:	e5832000 	str	r2, [r3]
	pISR_TIMER2 = 	(uint32) isr_TIMER2_dummy;
 c100e38:	e59f3140 	ldr	r3, [pc, #320]	; c100f80 <install_dummy_isr+0x220>
 c100e3c:	e59f2140 	ldr	r2, [pc, #320]	; c100f84 <install_dummy_isr+0x224>
 c100e40:	e5832000 	str	r2, [r3]
	pISR_TIMER1 = 	(uint32) isr_TIMER1_dummy;	
 c100e44:	e59f313c 	ldr	r3, [pc, #316]	; c100f88 <install_dummy_isr+0x228>
 c100e48:	e59f213c 	ldr	r2, [pc, #316]	; c100f8c <install_dummy_isr+0x22c>
 c100e4c:	e5832000 	str	r2, [r3]
	pISR_TIMER0 = 	(uint32) isr_TIMER0_dummy;
 c100e50:	e59f3138 	ldr	r3, [pc, #312]	; c100f90 <install_dummy_isr+0x230>
 c100e54:	e59f2138 	ldr	r2, [pc, #312]	; c100f94 <install_dummy_isr+0x234>
 c100e58:	e5832000 	str	r2, [r3]
	pISR_UERR01 = 	(uint32) isr_UERR01_dummy;
 c100e5c:	e59f3134 	ldr	r3, [pc, #308]	; c100f98 <install_dummy_isr+0x238>
 c100e60:	e59f2134 	ldr	r2, [pc, #308]	; c100f9c <install_dummy_isr+0x23c>
 c100e64:	e5832000 	str	r2, [r3]
	pISR_WDT =    	(uint32) isr_WDT_dummy;
 c100e68:	e59f3130 	ldr	r3, [pc, #304]	; c100fa0 <install_dummy_isr+0x240>
 c100e6c:	e59f2130 	ldr	r2, [pc, #304]	; c100fa4 <install_dummy_isr+0x244>
 c100e70:	e5832000 	str	r2, [r3]
	pISR_BDMA1 =  	(uint32) isr_BDMA1_dummy;
 c100e74:	e59f312c 	ldr	r3, [pc, #300]	; c100fa8 <install_dummy_isr+0x248>
 c100e78:	e59f212c 	ldr	r2, [pc, #300]	; c100fac <install_dummy_isr+0x24c>
 c100e7c:	e5832000 	str	r2, [r3]
	pISR_BDMA0 =  	(uint32) isr_BDMA0_dummy;
 c100e80:	e59f3128 	ldr	r3, [pc, #296]	; c100fb0 <install_dummy_isr+0x250>
 c100e84:	e59f2128 	ldr	r2, [pc, #296]	; c100fb4 <install_dummy_isr+0x254>
 c100e88:	e5832000 	str	r2, [r3]
	pISR_ZDMA1 =  	(uint32) isr_ZDMA1_dummy;
 c100e8c:	e59f3124 	ldr	r3, [pc, #292]	; c100fb8 <install_dummy_isr+0x258>
 c100e90:	e59f2124 	ldr	r2, [pc, #292]	; c100fbc <install_dummy_isr+0x25c>
 c100e94:	e5832000 	str	r2, [r3]
	pISR_ZDMA0 =  	(uint32) isr_ZDMA0_dummy;
 c100e98:	e59f3120 	ldr	r3, [pc, #288]	; c100fc0 <install_dummy_isr+0x260>
 c100e9c:	e59f2120 	ldr	r2, [pc, #288]	; c100fc4 <install_dummy_isr+0x264>
 c100ea0:	e5832000 	str	r2, [r3]
	pISR_TICK =   	(uint32) isr_TICK_dummy;
 c100ea4:	e59f311c 	ldr	r3, [pc, #284]	; c100fc8 <install_dummy_isr+0x268>
 c100ea8:	e59f211c 	ldr	r2, [pc, #284]	; c100fcc <install_dummy_isr+0x26c>
 c100eac:	e5832000 	str	r2, [r3]
	pISR_PB =       (uint32) isr_PB_dummy;
 c100eb0:	e59f3118 	ldr	r3, [pc, #280]	; c100fd0 <install_dummy_isr+0x270>
 c100eb4:	e59f2118 	ldr	r2, [pc, #280]	; c100fd4 <install_dummy_isr+0x274>
 c100eb8:	e5832000 	str	r2, [r3]
	pISR_ETHERNET = (uint32) isr_ETHERNET_dummy;
 c100ebc:	e59f3114 	ldr	r3, [pc, #276]	; c100fd8 <install_dummy_isr+0x278>
 c100ec0:	e59f2114 	ldr	r2, [pc, #276]	; c100fdc <install_dummy_isr+0x27c>
 c100ec4:	e5832000 	str	r2, [r3]
	pISR_TS =       (uint32) isr_TS_dummy;
 c100ec8:	e59f3110 	ldr	r3, [pc, #272]	; c100fe0 <install_dummy_isr+0x280>
 c100ecc:	e59f2110 	ldr	r2, [pc, #272]	; c100fe4 <install_dummy_isr+0x284>
 c100ed0:	e5832000 	str	r2, [r3]
	pISR_KEYPAD = 	(uint32) isr_KEYPAD_dummy;
 c100ed4:	e59f310c 	ldr	r3, [pc, #268]	; c100fe8 <install_dummy_isr+0x288>
 c100ed8:	e59f210c 	ldr	r2, [pc, #268]	; c100fec <install_dummy_isr+0x28c>
 c100edc:	e5832000 	str	r2, [r3]
	pISR_USB = 		(uint32) isr_USB_dummy;
 c100ee0:	e59f3108 	ldr	r3, [pc, #264]	; c100ff0 <install_dummy_isr+0x290>
 c100ee4:	e59f2108 	ldr	r2, [pc, #264]	; c100ff4 <install_dummy_isr+0x294>
 c100ee8:	e5832000 	str	r2, [r3]
}        
 c100eec:	e24bd00c 	sub	sp, fp, #12
 c100ef0:	e89d6800 	ldm	sp, {fp, sp, lr}
 c100ef4:	e12fff1e 	bx	lr
 c100ef8:	0c7fff08 	.word	0x0c7fff08
 c100efc:	0c100ff8 	.word	0x0c100ff8
 c100f00:	0c7fff04 	.word	0x0c7fff04
 c100f04:	0c101020 	.word	0x0c101020
 c100f08:	0c7fff18 	.word	0x0c7fff18
 c100f0c:	0c101048 	.word	0x0c101048
 c100f10:	0c7fff1c 	.word	0x0c7fff1c
 c100f14:	0c101070 	.word	0x0c101070
 c100f18:	0c7fff0c 	.word	0x0c7fff0c
 c100f1c:	0c101098 	.word	0x0c101098
 c100f20:	0c7fff10 	.word	0x0c7fff10
 c100f24:	0c1010c0 	.word	0x0c1010c0
 c100f28:	0c7fff20 	.word	0x0c7fff20
 c100f2c:	0c1010e8 	.word	0x0c1010e8
 c100f30:	0c7fff24 	.word	0x0c7fff24
 c100f34:	0c101110 	.word	0x0c101110
 c100f38:	0c7fff28 	.word	0x0c7fff28
 c100f3c:	0c101138 	.word	0x0c101138
 c100f40:	0c7fff2c 	.word	0x0c7fff2c
 c100f44:	0c101160 	.word	0x0c101160
 c100f48:	0c7fff30 	.word	0x0c7fff30
 c100f4c:	0c101188 	.word	0x0c101188
 c100f50:	0c7fff34 	.word	0x0c7fff34
 c100f54:	0c1011b0 	.word	0x0c1011b0
 c100f58:	0c7fff38 	.word	0x0c7fff38
 c100f5c:	0c1011d8 	.word	0x0c1011d8
 c100f60:	0c7fff3c 	.word	0x0c7fff3c
 c100f64:	0c101200 	.word	0x0c101200
 c100f68:	0c7fff40 	.word	0x0c7fff40
 c100f6c:	0c101228 	.word	0x0c101228
 c100f70:	0c7fff44 	.word	0x0c7fff44
 c100f74:	0c101250 	.word	0x0c101250
 c100f78:	0c7fff48 	.word	0x0c7fff48
 c100f7c:	0c101278 	.word	0x0c101278
 c100f80:	0c7fff4c 	.word	0x0c7fff4c
 c100f84:	0c1012a0 	.word	0x0c1012a0
 c100f88:	0c7fff50 	.word	0x0c7fff50
 c100f8c:	0c1012c8 	.word	0x0c1012c8
 c100f90:	0c7fff54 	.word	0x0c7fff54
 c100f94:	0c1012f0 	.word	0x0c1012f0
 c100f98:	0c7fff58 	.word	0x0c7fff58
 c100f9c:	0c101318 	.word	0x0c101318
 c100fa0:	0c7fff5c 	.word	0x0c7fff5c
 c100fa4:	0c101340 	.word	0x0c101340
 c100fa8:	0c7fff60 	.word	0x0c7fff60
 c100fac:	0c101368 	.word	0x0c101368
 c100fb0:	0c7fff64 	.word	0x0c7fff64
 c100fb4:	0c101390 	.word	0x0c101390
 c100fb8:	0c7fff68 	.word	0x0c7fff68
 c100fbc:	0c1013b8 	.word	0x0c1013b8
 c100fc0:	0c7fff6c 	.word	0x0c7fff6c
 c100fc4:	0c1013e0 	.word	0x0c1013e0
 c100fc8:	0c7fff70 	.word	0x0c7fff70
 c100fcc:	0c101408 	.word	0x0c101408
 c100fd0:	0c7fff74 	.word	0x0c7fff74
 c100fd4:	0c101430 	.word	0x0c101430
 c100fd8:	0c7fff78 	.word	0x0c7fff78
 c100fdc:	0c101458 	.word	0x0c101458
 c100fe0:	0c7fff7c 	.word	0x0c7fff7c
 c100fe4:	0c101480 	.word	0x0c101480
 c100fe8:	0c7fff80 	.word	0x0c7fff80
 c100fec:	0c1014a8 	.word	0x0c1014a8
 c100ff0:	0c7fff84 	.word	0x0c7fff84
 c100ff4:	0c1014d0 	.word	0x0c1014d0

0c100ff8 <isr_SWI_dummy>:

void isr_SWI_dummy( void )
{
 c100ff8:	e52dc004 	push	{ip}		; (str ip, [sp, #-4]!)
 c100ffc:	e1a0c00d 	mov	ip, sp
 c101000:	e92dd80f 	push	{r0, r1, r2, r3, fp, ip, lr, pc}
 c101004:	e24cb004 	sub	fp, ip, #4
    fatalerror( 0 );
 c101008:	e3a00000 	mov	r0, #0
 c10100c:	eb000139 	bl	c1014f8 <fatalerror>
}
 c101010:	e24bd01c 	sub	sp, fp, #28
 c101014:	e89d680f 	ldm	sp, {r0, r1, r2, r3, fp, sp, lr}
 c101018:	e49dc004 	pop	{ip}		; (ldr ip, [sp], #4)
 c10101c:	e1b0f00e 	movs	pc, lr

0c101020 <isr_UNDEF_dummy>:

void isr_UNDEF_dummy( void )
{
 c101020:	e52dc004 	push	{ip}		; (str ip, [sp, #-4]!)
 c101024:	e1a0c00d 	mov	ip, sp
 c101028:	e92dd80f 	push	{r0, r1, r2, r3, fp, ip, lr, pc}
 c10102c:	e24cb004 	sub	fp, ip, #4
	fatalerror( 1 );
 c101030:	e3a00001 	mov	r0, #1
 c101034:	eb00012f 	bl	c1014f8 <fatalerror>
}
 c101038:	e24bd01c 	sub	sp, fp, #28
 c10103c:	e89d680f 	ldm	sp, {r0, r1, r2, r3, fp, sp, lr}
 c101040:	e49dc004 	pop	{ip}		; (ldr ip, [sp], #4)
 c101044:	e1b0f00e 	movs	pc, lr

0c101048 <isr_IRQ_dummy>:

void isr_IRQ_dummy( void )
{
 c101048:	e52dc004 	push	{ip}		; (str ip, [sp, #-4]!)
 c10104c:	e1a0c00d 	mov	ip, sp
 c101050:	e92dd80f 	push	{r0, r1, r2, r3, fp, ip, lr, pc}
 c101054:	e24cb004 	sub	fp, ip, #4
	fatalerror( 2 );
 c101058:	e3a00002 	mov	r0, #2
 c10105c:	eb000125 	bl	c1014f8 <fatalerror>
}
 c101060:	e24bd01c 	sub	sp, fp, #28
 c101064:	e89d680f 	ldm	sp, {r0, r1, r2, r3, fp, sp, lr}
 c101068:	e49dc004 	pop	{ip}		; (ldr ip, [sp], #4)
 c10106c:	e25ef004 	subs	pc, lr, #4

0c101070 <isr_FIQ_dummy>:

void isr_FIQ_dummy( void )
{
 c101070:	e52dc004 	push	{ip}		; (str ip, [sp, #-4]!)
 c101074:	e1a0c00d 	mov	ip, sp
 c101078:	e92dd80f 	push	{r0, r1, r2, r3, fp, ip, lr, pc}
 c10107c:	e24cb004 	sub	fp, ip, #4
	fatalerror( 3 );
 c101080:	e3a00003 	mov	r0, #3
 c101084:	eb00011b 	bl	c1014f8 <fatalerror>
}
 c101088:	e24bd01c 	sub	sp, fp, #28
 c10108c:	e89d680f 	ldm	sp, {r0, r1, r2, r3, fp, sp, lr}
 c101090:	e49dc004 	pop	{ip}		; (ldr ip, [sp], #4)
 c101094:	e25ef004 	subs	pc, lr, #4

0c101098 <isr_PABORT_dummy>:

void isr_PABORT_dummy( void )
{
 c101098:	e52dc004 	push	{ip}		; (str ip, [sp, #-4]!)
 c10109c:	e1a0c00d 	mov	ip, sp
 c1010a0:	e92dd80f 	push	{r0, r1, r2, r3, fp, ip, lr, pc}
 c1010a4:	e24cb004 	sub	fp, ip, #4
    fatalerror( 4 );
 c1010a8:	e3a00004 	mov	r0, #4
 c1010ac:	eb000111 	bl	c1014f8 <fatalerror>
}
 c1010b0:	e24bd01c 	sub	sp, fp, #28
 c1010b4:	e89d680f 	ldm	sp, {r0, r1, r2, r3, fp, sp, lr}
 c1010b8:	e49dc004 	pop	{ip}		; (ldr ip, [sp], #4)
 c1010bc:	e25ef004 	subs	pc, lr, #4

0c1010c0 <isr_DABORT_dummy>:

void isr_DABORT_dummy( void )
{
 c1010c0:	e52dc004 	push	{ip}		; (str ip, [sp, #-4]!)
 c1010c4:	e1a0c00d 	mov	ip, sp
 c1010c8:	e92dd80f 	push	{r0, r1, r2, r3, fp, ip, lr, pc}
 c1010cc:	e24cb004 	sub	fp, ip, #4
    fatalerror( 5 );
 c1010d0:	e3a00005 	mov	r0, #5
 c1010d4:	eb000107 	bl	c1014f8 <fatalerror>
}
 c1010d8:	e24bd01c 	sub	sp, fp, #28
 c1010dc:	e89d680f 	ldm	sp, {r0, r1, r2, r3, fp, sp, lr}
 c1010e0:	e49dc004 	pop	{ip}		; (ldr ip, [sp], #4)
 c1010e4:	e25ef004 	subs	pc, lr, #4

0c1010e8 <isr_ADC_dummy>:

void isr_ADC_dummy( void )
{
 c1010e8:	e52dc004 	push	{ip}		; (str ip, [sp, #-4]!)
 c1010ec:	e1a0c00d 	mov	ip, sp
 c1010f0:	e92dd80f 	push	{r0, r1, r2, r3, fp, ip, lr, pc}
 c1010f4:	e24cb004 	sub	fp, ip, #4
	fatalerror( 11 );
 c1010f8:	e3a0000b 	mov	r0, #11
 c1010fc:	eb0000fd 	bl	c1014f8 <fatalerror>
}
 c101100:	e24bd01c 	sub	sp, fp, #28
 c101104:	e89d680f 	ldm	sp, {r0, r1, r2, r3, fp, sp, lr}
 c101108:	e49dc004 	pop	{ip}		; (ldr ip, [sp], #4)
 c10110c:	e25ef004 	subs	pc, lr, #4

0c101110 <isr_RTC_dummy>:

void isr_RTC_dummy( void )
{
 c101110:	e52dc004 	push	{ip}		; (str ip, [sp, #-4]!)
 c101114:	e1a0c00d 	mov	ip, sp
 c101118:	e92dd80f 	push	{r0, r1, r2, r3, fp, ip, lr, pc}
 c10111c:	e24cb004 	sub	fp, ip, #4
	fatalerror( 10 );
 c101120:	e3a0000a 	mov	r0, #10
 c101124:	eb0000f3 	bl	c1014f8 <fatalerror>
}
 c101128:	e24bd01c 	sub	sp, fp, #28
 c10112c:	e89d680f 	ldm	sp, {r0, r1, r2, r3, fp, sp, lr}
 c101130:	e49dc004 	pop	{ip}		; (ldr ip, [sp], #4)
 c101134:	e25ef004 	subs	pc, lr, #4

0c101138 <isr_UTXD1_dummy>:

void isr_UTXD1_dummy( void )
{
 c101138:	e52dc004 	push	{ip}		; (str ip, [sp, #-4]!)
 c10113c:	e1a0c00d 	mov	ip, sp
 c101140:	e92dd80f 	push	{r0, r1, r2, r3, fp, ip, lr, pc}
 c101144:	e24cb004 	sub	fp, ip, #4
	fatalerror( 12 );
 c101148:	e3a0000c 	mov	r0, #12
 c10114c:	eb0000e9 	bl	c1014f8 <fatalerror>
}
 c101150:	e24bd01c 	sub	sp, fp, #28
 c101154:	e89d680f 	ldm	sp, {r0, r1, r2, r3, fp, sp, lr}
 c101158:	e49dc004 	pop	{ip}		; (ldr ip, [sp], #4)
 c10115c:	e25ef004 	subs	pc, lr, #4

0c101160 <isr_UTXD0_dummy>:

void isr_UTXD0_dummy( void )
{
 c101160:	e52dc004 	push	{ip}		; (str ip, [sp, #-4]!)
 c101164:	e1a0c00d 	mov	ip, sp
 c101168:	e92dd80f 	push	{r0, r1, r2, r3, fp, ip, lr, pc}
 c10116c:	e24cb004 	sub	fp, ip, #4
	fatalerror( 9 );
 c101170:	e3a00009 	mov	r0, #9
 c101174:	eb0000df 	bl	c1014f8 <fatalerror>
}
 c101178:	e24bd01c 	sub	sp, fp, #28
 c10117c:	e89d680f 	ldm	sp, {r0, r1, r2, r3, fp, sp, lr}
 c101180:	e49dc004 	pop	{ip}		; (ldr ip, [sp], #4)
 c101184:	e25ef004 	subs	pc, lr, #4

0c101188 <isr_SIO_dummy>:

void isr_SIO_dummy( void )
{
 c101188:	e52dc004 	push	{ip}		; (str ip, [sp, #-4]!)
 c10118c:	e1a0c00d 	mov	ip, sp
 c101190:	e92dd80f 	push	{r0, r1, r2, r3, fp, ip, lr, pc}
 c101194:	e24cb004 	sub	fp, ip, #4
	fatalerror( 15 );
 c101198:	e3a0000f 	mov	r0, #15
 c10119c:	eb0000d5 	bl	c1014f8 <fatalerror>
}
 c1011a0:	e24bd01c 	sub	sp, fp, #28
 c1011a4:	e89d680f 	ldm	sp, {r0, r1, r2, r3, fp, sp, lr}
 c1011a8:	e49dc004 	pop	{ip}		; (ldr ip, [sp], #4)
 c1011ac:	e25ef004 	subs	pc, lr, #4

0c1011b0 <isr_IIC_dummy>:

void isr_IIC_dummy( void )
{
 c1011b0:	e52dc004 	push	{ip}		; (str ip, [sp, #-4]!)
 c1011b4:	e1a0c00d 	mov	ip, sp
 c1011b8:	e92dd80f 	push	{r0, r1, r2, r3, fp, ip, lr, pc}
 c1011bc:	e24cb004 	sub	fp, ip, #4
	fatalerror( 12 );
 c1011c0:	e3a0000c 	mov	r0, #12
 c1011c4:	eb0000cb 	bl	c1014f8 <fatalerror>
}
 c1011c8:	e24bd01c 	sub	sp, fp, #28
 c1011cc:	e89d680f 	ldm	sp, {r0, r1, r2, r3, fp, sp, lr}
 c1011d0:	e49dc004 	pop	{ip}		; (ldr ip, [sp], #4)
 c1011d4:	e25ef004 	subs	pc, lr, #4

0c1011d8 <isr_URXD1_dummy>:

void isr_URXD1_dummy( void )
{
 c1011d8:	e52dc004 	push	{ip}		; (str ip, [sp, #-4]!)
 c1011dc:	e1a0c00d 	mov	ip, sp
 c1011e0:	e92dd80f 	push	{r0, r1, r2, r3, fp, ip, lr, pc}
 c1011e4:	e24cb004 	sub	fp, ip, #4
	fatalerror( 12 );
 c1011e8:	e3a0000c 	mov	r0, #12
 c1011ec:	eb0000c1 	bl	c1014f8 <fatalerror>
}
 c1011f0:	e24bd01c 	sub	sp, fp, #28
 c1011f4:	e89d680f 	ldm	sp, {r0, r1, r2, r3, fp, sp, lr}
 c1011f8:	e49dc004 	pop	{ip}		; (ldr ip, [sp], #4)
 c1011fc:	e25ef004 	subs	pc, lr, #4

0c101200 <isr_URXD0_dummy>:

void isr_URXD0_dummy( void )
{
 c101200:	e52dc004 	push	{ip}		; (str ip, [sp, #-4]!)
 c101204:	e1a0c00d 	mov	ip, sp
 c101208:	e92dd80f 	push	{r0, r1, r2, r3, fp, ip, lr, pc}
 c10120c:	e24cb004 	sub	fp, ip, #4
	fatalerror( 8 );
 c101210:	e3a00008 	mov	r0, #8
 c101214:	eb0000b7 	bl	c1014f8 <fatalerror>
}
 c101218:	e24bd01c 	sub	sp, fp, #28
 c10121c:	e89d680f 	ldm	sp, {r0, r1, r2, r3, fp, sp, lr}
 c101220:	e49dc004 	pop	{ip}		; (ldr ip, [sp], #4)
 c101224:	e25ef004 	subs	pc, lr, #4

0c101228 <isr_TIMER5_dummy>:

void isr_TIMER5_dummy( void )
{
 c101228:	e52dc004 	push	{ip}		; (str ip, [sp, #-4]!)
 c10122c:	e1a0c00d 	mov	ip, sp
 c101230:	e92dd80f 	push	{r0, r1, r2, r3, fp, ip, lr, pc}
 c101234:	e24cb004 	sub	fp, ip, #4
	fatalerror( 14 );
 c101238:	e3a0000e 	mov	r0, #14
 c10123c:	eb0000ad 	bl	c1014f8 <fatalerror>
}
 c101240:	e24bd01c 	sub	sp, fp, #28
 c101244:	e89d680f 	ldm	sp, {r0, r1, r2, r3, fp, sp, lr}
 c101248:	e49dc004 	pop	{ip}		; (ldr ip, [sp], #4)
 c10124c:	e25ef004 	subs	pc, lr, #4

0c101250 <isr_TIMER4_dummy>:

void isr_TIMER4_dummy( void )
{
 c101250:	e52dc004 	push	{ip}		; (str ip, [sp, #-4]!)
 c101254:	e1a0c00d 	mov	ip, sp
 c101258:	e92dd80f 	push	{r0, r1, r2, r3, fp, ip, lr, pc}
 c10125c:	e24cb004 	sub	fp, ip, #4
	fatalerror( 14 );
 c101260:	e3a0000e 	mov	r0, #14
 c101264:	eb0000a3 	bl	c1014f8 <fatalerror>
}
 c101268:	e24bd01c 	sub	sp, fp, #28
 c10126c:	e89d680f 	ldm	sp, {r0, r1, r2, r3, fp, sp, lr}
 c101270:	e49dc004 	pop	{ip}		; (ldr ip, [sp], #4)
 c101274:	e25ef004 	subs	pc, lr, #4

0c101278 <isr_TIMER3_dummy>:

void isr_TIMER3_dummy( void )
{
 c101278:	e52dc004 	push	{ip}		; (str ip, [sp, #-4]!)
 c10127c:	e1a0c00d 	mov	ip, sp
 c101280:	e92dd80f 	push	{r0, r1, r2, r3, fp, ip, lr, pc}
 c101284:	e24cb004 	sub	fp, ip, #4
	fatalerror( 14 );
 c101288:	e3a0000e 	mov	r0, #14
 c10128c:	eb000099 	bl	c1014f8 <fatalerror>
}
 c101290:	e24bd01c 	sub	sp, fp, #28
 c101294:	e89d680f 	ldm	sp, {r0, r1, r2, r3, fp, sp, lr}
 c101298:	e49dc004 	pop	{ip}		; (ldr ip, [sp], #4)
 c10129c:	e25ef004 	subs	pc, lr, #4

0c1012a0 <isr_TIMER2_dummy>:

void isr_TIMER2_dummy( void )
{
 c1012a0:	e52dc004 	push	{ip}		; (str ip, [sp, #-4]!)
 c1012a4:	e1a0c00d 	mov	ip, sp
 c1012a8:	e92dd80f 	push	{r0, r1, r2, r3, fp, ip, lr, pc}
 c1012ac:	e24cb004 	sub	fp, ip, #4
	fatalerror( 14 );
 c1012b0:	e3a0000e 	mov	r0, #14
 c1012b4:	eb00008f 	bl	c1014f8 <fatalerror>
}
 c1012b8:	e24bd01c 	sub	sp, fp, #28
 c1012bc:	e89d680f 	ldm	sp, {r0, r1, r2, r3, fp, sp, lr}
 c1012c0:	e49dc004 	pop	{ip}		; (ldr ip, [sp], #4)
 c1012c4:	e25ef004 	subs	pc, lr, #4

0c1012c8 <isr_TIMER1_dummy>:

void isr_TIMER1_dummy( void )
{
 c1012c8:	e52dc004 	push	{ip}		; (str ip, [sp, #-4]!)
 c1012cc:	e1a0c00d 	mov	ip, sp
 c1012d0:	e92dd80f 	push	{r0, r1, r2, r3, fp, ip, lr, pc}
 c1012d4:	e24cb004 	sub	fp, ip, #4
    fatalerror( 14 );
 c1012d8:	e3a0000e 	mov	r0, #14
 c1012dc:	eb000085 	bl	c1014f8 <fatalerror>
}
 c1012e0:	e24bd01c 	sub	sp, fp, #28
 c1012e4:	e89d680f 	ldm	sp, {r0, r1, r2, r3, fp, sp, lr}
 c1012e8:	e49dc004 	pop	{ip}		; (ldr ip, [sp], #4)
 c1012ec:	e25ef004 	subs	pc, lr, #4

0c1012f0 <isr_TIMER0_dummy>:

void isr_TIMER0_dummy( void )
{
 c1012f0:	e52dc004 	push	{ip}		; (str ip, [sp, #-4]!)
 c1012f4:	e1a0c00d 	mov	ip, sp
 c1012f8:	e92dd80f 	push	{r0, r1, r2, r3, fp, ip, lr, pc}
 c1012fc:	e24cb004 	sub	fp, ip, #4
    fatalerror( 14 );
 c101300:	e3a0000e 	mov	r0, #14
 c101304:	eb00007b 	bl	c1014f8 <fatalerror>
}
 c101308:	e24bd01c 	sub	sp, fp, #28
 c10130c:	e89d680f 	ldm	sp, {r0, r1, r2, r3, fp, sp, lr}
 c101310:	e49dc004 	pop	{ip}		; (ldr ip, [sp], #4)
 c101314:	e25ef004 	subs	pc, lr, #4

0c101318 <isr_UERR01_dummy>:

void isr_UERR01_dummy( void )
{
 c101318:	e52dc004 	push	{ip}		; (str ip, [sp, #-4]!)
 c10131c:	e1a0c00d 	mov	ip, sp
 c101320:	e92dd80f 	push	{r0, r1, r2, r3, fp, ip, lr, pc}
 c101324:	e24cb004 	sub	fp, ip, #4
    fatalerror( 12 );
 c101328:	e3a0000c 	mov	r0, #12
 c10132c:	eb000071 	bl	c1014f8 <fatalerror>
}
 c101330:	e24bd01c 	sub	sp, fp, #28
 c101334:	e89d680f 	ldm	sp, {r0, r1, r2, r3, fp, sp, lr}
 c101338:	e49dc004 	pop	{ip}		; (ldr ip, [sp], #4)
 c10133c:	e25ef004 	subs	pc, lr, #4

0c101340 <isr_WDT_dummy>:

void isr_WDT_dummy( void )
{
 c101340:	e52dc004 	push	{ip}		; (str ip, [sp, #-4]!)
 c101344:	e1a0c00d 	mov	ip, sp
 c101348:	e92dd80f 	push	{r0, r1, r2, r3, fp, ip, lr, pc}
 c10134c:	e24cb004 	sub	fp, ip, #4
    fatalerror( 14 );
 c101350:	e3a0000e 	mov	r0, #14
 c101354:	eb000067 	bl	c1014f8 <fatalerror>
}
 c101358:	e24bd01c 	sub	sp, fp, #28
 c10135c:	e89d680f 	ldm	sp, {r0, r1, r2, r3, fp, sp, lr}
 c101360:	e49dc004 	pop	{ip}		; (ldr ip, [sp], #4)
 c101364:	e25ef004 	subs	pc, lr, #4

0c101368 <isr_BDMA1_dummy>:

void isr_BDMA1_dummy( void )
{
 c101368:	e52dc004 	push	{ip}		; (str ip, [sp, #-4]!)
 c10136c:	e1a0c00d 	mov	ip, sp
 c101370:	e92dd80f 	push	{r0, r1, r2, r3, fp, ip, lr, pc}
 c101374:	e24cb004 	sub	fp, ip, #4
    fatalerror( 13 );
 c101378:	e3a0000d 	mov	r0, #13
 c10137c:	eb00005d 	bl	c1014f8 <fatalerror>
}
 c101380:	e24bd01c 	sub	sp, fp, #28
 c101384:	e89d680f 	ldm	sp, {r0, r1, r2, r3, fp, sp, lr}
 c101388:	e49dc004 	pop	{ip}		; (ldr ip, [sp], #4)
 c10138c:	e25ef004 	subs	pc, lr, #4

0c101390 <isr_BDMA0_dummy>:

void isr_BDMA0_dummy( void )
{
 c101390:	e52dc004 	push	{ip}		; (str ip, [sp, #-4]!)
 c101394:	e1a0c00d 	mov	ip, sp
 c101398:	e92dd80f 	push	{r0, r1, r2, r3, fp, ip, lr, pc}
 c10139c:	e24cb004 	sub	fp, ip, #4
    fatalerror( 13 );
 c1013a0:	e3a0000d 	mov	r0, #13
 c1013a4:	eb000053 	bl	c1014f8 <fatalerror>
}
 c1013a8:	e24bd01c 	sub	sp, fp, #28
 c1013ac:	e89d680f 	ldm	sp, {r0, r1, r2, r3, fp, sp, lr}
 c1013b0:	e49dc004 	pop	{ip}		; (ldr ip, [sp], #4)
 c1013b4:	e25ef004 	subs	pc, lr, #4

0c1013b8 <isr_ZDMA1_dummy>:

void isr_ZDMA1_dummy( void )
{
 c1013b8:	e52dc004 	push	{ip}		; (str ip, [sp, #-4]!)
 c1013bc:	e1a0c00d 	mov	ip, sp
 c1013c0:	e92dd80f 	push	{r0, r1, r2, r3, fp, ip, lr, pc}
 c1013c4:	e24cb004 	sub	fp, ip, #4
    fatalerror( 13 );
 c1013c8:	e3a0000d 	mov	r0, #13
 c1013cc:	eb000049 	bl	c1014f8 <fatalerror>
}
 c1013d0:	e24bd01c 	sub	sp, fp, #28
 c1013d4:	e89d680f 	ldm	sp, {r0, r1, r2, r3, fp, sp, lr}
 c1013d8:	e49dc004 	pop	{ip}		; (ldr ip, [sp], #4)
 c1013dc:	e25ef004 	subs	pc, lr, #4

0c1013e0 <isr_ZDMA0_dummy>:

void isr_ZDMA0_dummy( void )
{
 c1013e0:	e52dc004 	push	{ip}		; (str ip, [sp, #-4]!)
 c1013e4:	e1a0c00d 	mov	ip, sp
 c1013e8:	e92dd80f 	push	{r0, r1, r2, r3, fp, ip, lr, pc}
 c1013ec:	e24cb004 	sub	fp, ip, #4
    fatalerror( 13 );
 c1013f0:	e3a0000d 	mov	r0, #13
 c1013f4:	eb00003f 	bl	c1014f8 <fatalerror>
}
 c1013f8:	e24bd01c 	sub	sp, fp, #28
 c1013fc:	e89d680f 	ldm	sp, {r0, r1, r2, r3, fp, sp, lr}
 c101400:	e49dc004 	pop	{ip}		; (ldr ip, [sp], #4)
 c101404:	e25ef004 	subs	pc, lr, #4

0c101408 <isr_TICK_dummy>:

void isr_TICK_dummy( void )
{
 c101408:	e52dc004 	push	{ip}		; (str ip, [sp, #-4]!)
 c10140c:	e1a0c00d 	mov	ip, sp
 c101410:	e92dd80f 	push	{r0, r1, r2, r3, fp, ip, lr, pc}
 c101414:	e24cb004 	sub	fp, ip, #4
    fatalerror( 10 );
 c101418:	e3a0000a 	mov	r0, #10
 c10141c:	eb000035 	bl	c1014f8 <fatalerror>
}
 c101420:	e24bd01c 	sub	sp, fp, #28
 c101424:	e89d680f 	ldm	sp, {r0, r1, r2, r3, fp, sp, lr}
 c101428:	e49dc004 	pop	{ip}		; (ldr ip, [sp], #4)
 c10142c:	e25ef004 	subs	pc, lr, #4

0c101430 <isr_PB_dummy>:

void isr_PB_dummy( void )
{
 c101430:	e52dc004 	push	{ip}		; (str ip, [sp, #-4]!)
 c101434:	e1a0c00d 	mov	ip, sp
 c101438:	e92dd80f 	push	{r0, r1, r2, r3, fp, ip, lr, pc}
 c10143c:	e24cb004 	sub	fp, ip, #4
    fatalerror( 6 );
 c101440:	e3a00006 	mov	r0, #6
 c101444:	eb00002b 	bl	c1014f8 <fatalerror>
}
 c101448:	e24bd01c 	sub	sp, fp, #28
 c10144c:	e89d680f 	ldm	sp, {r0, r1, r2, r3, fp, sp, lr}
 c101450:	e49dc004 	pop	{ip}		; (ldr ip, [sp], #4)
 c101454:	e25ef004 	subs	pc, lr, #4

0c101458 <isr_ETHERNET_dummy>:

void isr_ETHERNET_dummy( void )
{
 c101458:	e52dc004 	push	{ip}		; (str ip, [sp, #-4]!)
 c10145c:	e1a0c00d 	mov	ip, sp
 c101460:	e92dd80f 	push	{r0, r1, r2, r3, fp, ip, lr, pc}
 c101464:	e24cb004 	sub	fp, ip, #4
    fatalerror( 15 );
 c101468:	e3a0000f 	mov	r0, #15
 c10146c:	eb000021 	bl	c1014f8 <fatalerror>
}
 c101470:	e24bd01c 	sub	sp, fp, #28
 c101474:	e89d680f 	ldm	sp, {r0, r1, r2, r3, fp, sp, lr}
 c101478:	e49dc004 	pop	{ip}		; (ldr ip, [sp], #4)
 c10147c:	e25ef004 	subs	pc, lr, #4

0c101480 <isr_TS_dummy>:

void isr_TS_dummy( void )
{
 c101480:	e52dc004 	push	{ip}		; (str ip, [sp, #-4]!)
 c101484:	e1a0c00d 	mov	ip, sp
 c101488:	e92dd80f 	push	{r0, r1, r2, r3, fp, ip, lr, pc}
 c10148c:	e24cb004 	sub	fp, ip, #4
    fatalerror( 11 );
 c101490:	e3a0000b 	mov	r0, #11
 c101494:	eb000017 	bl	c1014f8 <fatalerror>
}
 c101498:	e24bd01c 	sub	sp, fp, #28
 c10149c:	e89d680f 	ldm	sp, {r0, r1, r2, r3, fp, sp, lr}
 c1014a0:	e49dc004 	pop	{ip}		; (ldr ip, [sp], #4)
 c1014a4:	e25ef004 	subs	pc, lr, #4

0c1014a8 <isr_KEYPAD_dummy>:

void isr_KEYPAD_dummy( void )
{
 c1014a8:	e52dc004 	push	{ip}		; (str ip, [sp, #-4]!)
 c1014ac:	e1a0c00d 	mov	ip, sp
 c1014b0:	e92dd80f 	push	{r0, r1, r2, r3, fp, ip, lr, pc}
 c1014b4:	e24cb004 	sub	fp, ip, #4
    fatalerror( 7 );
 c1014b8:	e3a00007 	mov	r0, #7
 c1014bc:	eb00000d 	bl	c1014f8 <fatalerror>
}
 c1014c0:	e24bd01c 	sub	sp, fp, #28
 c1014c4:	e89d680f 	ldm	sp, {r0, r1, r2, r3, fp, sp, lr}
 c1014c8:	e49dc004 	pop	{ip}		; (ldr ip, [sp], #4)
 c1014cc:	e25ef004 	subs	pc, lr, #4

0c1014d0 <isr_USB_dummy>:

void isr_USB_dummy( void )
{
 c1014d0:	e52dc004 	push	{ip}		; (str ip, [sp, #-4]!)
 c1014d4:	e1a0c00d 	mov	ip, sp
 c1014d8:	e92dd80f 	push	{r0, r1, r2, r3, fp, ip, lr, pc}
 c1014dc:	e24cb004 	sub	fp, ip, #4
    fatalerror( 15 );
 c1014e0:	e3a0000f 	mov	r0, #15
 c1014e4:	eb000003 	bl	c1014f8 <fatalerror>
}
 c1014e8:	e24bd01c 	sub	sp, fp, #28
 c1014ec:	e89d680f 	ldm	sp, {r0, r1, r2, r3, fp, sp, lr}
 c1014f0:	e49dc004 	pop	{ip}		; (ldr ip, [sp], #4)
 c1014f4:	e25ef004 	subs	pc, lr, #4

0c1014f8 <fatalerror>:

void fatalerror( uint8 code )
{
 c1014f8:	e1a0c00d 	mov	ip, sp
 c1014fc:	e92dd800 	push	{fp, ip, lr, pc}
 c101500:	e24cb004 	sub	fp, ip, #4
 c101504:	e24dd010 	sub	sp, sp, #16
 c101508:	e1a03000 	mov	r3, r0
 c10150c:	e54b3015 	strb	r3, [fp, #-21]	; 0xffffffeb
	uint32 i;

	PCONB = 0x14f;
 c101510:	e59f3080 	ldr	r3, [pc, #128]	; c101598 <fatalerror+0xa0>
 c101514:	e59f2080 	ldr	r2, [pc, #128]	; c10159c <fatalerror+0xa4>
 c101518:	e5832000 	str	r2, [r3]
	while( 1 )
	{
		segs_putchar( code ); ;
 c10151c:	e55b3015 	ldrb	r3, [fp, #-21]	; 0xffffffeb
 c101520:	e1a00003 	mov	r0, r3
 c101524:	eb000237 	bl	c101e08 <segs_putchar>
		PDATB = 0;
 c101528:	e59f3070 	ldr	r3, [pc, #112]	; c1015a0 <fatalerror+0xa8>
 c10152c:	e3a02000 	mov	r2, #0
 c101530:	e5832000 	str	r2, [r3]
		for( i=0; i<100000; i++);
 c101534:	e3a03000 	mov	r3, #0
 c101538:	e50b3010 	str	r3, [fp, #-16]
 c10153c:	ea000002 	b	c10154c <fatalerror+0x54>
 c101540:	e51b3010 	ldr	r3, [fp, #-16]
 c101544:	e2833001 	add	r3, r3, #1
 c101548:	e50b3010 	str	r3, [fp, #-16]
 c10154c:	e51b2010 	ldr	r2, [fp, #-16]
 c101550:	e59f304c 	ldr	r3, [pc, #76]	; c1015a4 <fatalerror+0xac>
 c101554:	e1520003 	cmp	r2, r3
 c101558:	9afffff8 	bls	c101540 <fatalerror+0x48>
		segs_off();
 c10155c:	eb00021b 	bl	c101dd0 <segs_off>
		PDATB = 0x600;
 c101560:	e59f3038 	ldr	r3, [pc, #56]	; c1015a0 <fatalerror+0xa8>
 c101564:	e3a02c06 	mov	r2, #1536	; 0x600
 c101568:	e5832000 	str	r2, [r3]
		for( i=0; i<100000; i++);
 c10156c:	e3a03000 	mov	r3, #0
 c101570:	e50b3010 	str	r3, [fp, #-16]
 c101574:	ea000002 	b	c101584 <fatalerror+0x8c>
 c101578:	e51b3010 	ldr	r3, [fp, #-16]
 c10157c:	e2833001 	add	r3, r3, #1
 c101580:	e50b3010 	str	r3, [fp, #-16]
 c101584:	e51b2010 	ldr	r2, [fp, #-16]
 c101588:	e59f3014 	ldr	r3, [pc, #20]	; c1015a4 <fatalerror+0xac>
 c10158c:	e1520003 	cmp	r2, r3
 c101590:	9afffff8 	bls	c101578 <fatalerror+0x80>
	};
 c101594:	eaffffe0 	b	c10151c <fatalerror+0x24>
 c101598:	01d20008 	.word	0x01d20008
 c10159c:	0000014f 	.word	0x0000014f
 c1015a0:	01d2000c 	.word	0x01d2000c
 c1015a4:	0001869f 	.word	0x0001869f

0c1015a8 <sleep>:
}

inline void sleep( void )
{
 c1015a8:	e1a0c00d 	mov	ip, sp
 c1015ac:	e92dd800 	push	{fp, ip, lr, pc}
 c1015b0:	e24cb004 	sub	fp, ip, #4
    CLKCON |= (1 << 2);    // Pone a la CPU en estado IDLE
 c1015b4:	e59f3018 	ldr	r3, [pc, #24]	; c1015d4 <sleep+0x2c>
 c1015b8:	e59f2014 	ldr	r2, [pc, #20]	; c1015d4 <sleep+0x2c>
 c1015bc:	e5922000 	ldr	r2, [r2]
 c1015c0:	e3822004 	orr	r2, r2, #4
 c1015c4:	e5832000 	str	r2, [r3]
}
 c1015c8:	e24bd00c 	sub	sp, fp, #12
 c1015cc:	e89d6800 	ldm	sp, {fp, sp, lr}
 c1015d0:	e12fff1e 	bx	lr
 c1015d4:	01d80004 	.word	0x01d80004

0c1015d8 <sys_recovery>:

static void sys_recovery( void ) // NO TOCAR
{
 c1015d8:	e1a0c00d 	mov	ip, sp
 c1015dc:	e92dd800 	push	{fp, ip, lr, pc}
 c1015e0:	e24cb004 	sub	fp, ip, #4
 c1015e4:	e24dd018 	sub	sp, sp, #24
    uint8 mode;
    uint32 sp, fp;
    uint32 *addrSrc, *addrDst;
    uint32 diffStacks;
    
    asm volatile ( "str sp, %0" : "=m" (sp) : : );    // lee el puntero a la cima de la pila de excepción (SP) 
 c1015e8:	e50bd01c 	str	sp, [fp, #-28]	; 0xffffffe4
    asm volatile ( "str fp, %0" : "=m" (fp) : : );    // lee el puntero al marco de activación (FP) de sys_recovery() en la pila de excepción
 c1015ec:	e50bb020 	str	fp, [fp, #-32]	; 0xffffffe0
    
    GET_OPMODE( &mode );    // lee el modo de ejecución del procesador
 c1015f0:	e10f0000 	mrs	r0, CPSR
 c1015f4:	e200001f 	and	r0, r0, #31
 c1015f8:	e54b0015 	strb	r0, [fp, #-21]	; 0xffffffeb
    switch( mode )
 c1015fc:	e55b3015 	ldrb	r3, [fp, #-21]	; 0xffffffeb
 c101600:	e2433011 	sub	r3, r3, #17
 c101604:	e353000a 	cmp	r3, #10
 c101608:	979ff103 	ldrls	pc, [pc, r3, lsl #2]
 c10160c:	ea00001e 	b	c10168c <sys_recovery+0xb4>
 c101610:	0c101650 	.word	0x0c101650
 c101614:	0c10163c 	.word	0x0c10163c
 c101618:	0c10168c 	.word	0x0c10168c
 c10161c:	0c10168c 	.word	0x0c10168c
 c101620:	0c10168c 	.word	0x0c10168c
 c101624:	0c10168c 	.word	0x0c10168c
 c101628:	0c101664 	.word	0x0c101664
 c10162c:	0c10168c 	.word	0x0c10168c
 c101630:	0c10168c 	.word	0x0c10168c
 c101634:	0c10168c 	.word	0x0c10168c
 c101638:	0c101678 	.word	0x0c101678
    {
        case IRQMODE:
            diffStacks = IRQSTACK - SVCSTACK;     // calcula la distancia entre la bases de la pila IRQ y la SVC
 c10163c:	e3a03c03 	mov	r3, #768	; 0x300
 c101640:	e50b3014 	str	r3, [fp, #-20]	; 0xffffffec
            addrSrc = (uint32 *)IRQSTACK;         // base de la pila IRQ
 c101644:	e59f3198 	ldr	r3, [pc, #408]	; c1017e4 <sys_recovery+0x20c>
 c101648:	e50b3024 	str	r3, [fp, #-36]	; 0xffffffdc
            break;
 c10164c:	ea00000f 	b	c101690 <sys_recovery+0xb8>
        case FIQMODE:
            diffStacks = FIQSTACK - SVCSTACK;     // calcula la distancia entre la bases de la pila FIQ y la SVC
 c101650:	e3a03b01 	mov	r3, #1024	; 0x400
 c101654:	e50b3014 	str	r3, [fp, #-20]	; 0xffffffec
            addrSrc = (uint32 *)FIQSTACK;         // base de la pila FIQ
 c101658:	e59f3188 	ldr	r3, [pc, #392]	; c1017e8 <sys_recovery+0x210>
 c10165c:	e50b3024 	str	r3, [fp, #-36]	; 0xffffffdc
            break;
 c101660:	ea00000a 	b	c101690 <sys_recovery+0xb8>
        case ABTMODE:
            diffStacks = ABTSTACK - SVCSTACK;     // calcula la distancia entre la bases de la pila ABT y la SVC
 c101664:	e3a03c02 	mov	r3, #512	; 0x200
 c101668:	e50b3014 	str	r3, [fp, #-20]	; 0xffffffec
            addrSrc = (uint32 *)ABTSTACK;         // base de la pila ABT
 c10166c:	e59f3178 	ldr	r3, [pc, #376]	; c1017ec <sys_recovery+0x214>
 c101670:	e50b3024 	str	r3, [fp, #-36]	; 0xffffffdc
            break;
 c101674:	ea000005 	b	c101690 <sys_recovery+0xb8>
        case UNDMODE:
            diffStacks = UNDSTACK - SVCSTACK;     // calcula la distancia entre la bases de la pila UND y la SVC
 c101678:	e3a03c01 	mov	r3, #256	; 0x100
 c10167c:	e50b3014 	str	r3, [fp, #-20]	; 0xffffffec
            addrSrc = (uint32 *)UNDSTACK;         // base de la pila UND
 c101680:	e59f3168 	ldr	r3, [pc, #360]	; c1017f0 <sys_recovery+0x218>
 c101684:	e50b3024 	str	r3, [fp, #-36]	; 0xffffffdc
            break;         
 c101688:	ea000000 	b	c101690 <sys_recovery+0xb8>
        case USRMODE:
            // Habría que hacer algo análogo a lo anterior y además para volver a modo SVC dado que no es válido SET_OPMODE( SVCMODE ), es necesario esto:
            // pISR_SWI = (uint32) isr_SWI;
            // SWI( 0 );  
        default:
            while( 1 );                           // aquí no debería llegarse
 c10168c:	eafffffe 	b	c10168c <sys_recovery+0xb4>
            break;
    }    
        
    asm volatile ( "ldr sp, %0" : "=m" (addrSrc) : : );    // restaura el SP de excepción a su base para desechar su contenido y evitar su desbordamiento     
 c101690:	e51bd024 	ldr	sp, [fp, #-36]	; 0xffffffdc
        
    for( addrDst = (uint32 *)SVCSTACK; addrSrc > (uint32 *)sp; )    // copia el contenido completo de la pila excepción en la pila SVC
 c101694:	e59f3158 	ldr	r3, [pc, #344]	; c1017f4 <sys_recovery+0x21c>
 c101698:	e50b3010 	str	r3, [fp, #-16]
 c10169c:	ea000009 	b	c1016c8 <sys_recovery+0xf0>
        *(--addrDst) = *(--addrSrc);
 c1016a0:	e51b3010 	ldr	r3, [fp, #-16]
 c1016a4:	e2433004 	sub	r3, r3, #4
 c1016a8:	e50b3010 	str	r3, [fp, #-16]
 c1016ac:	e51b3024 	ldr	r3, [fp, #-36]	; 0xffffffdc
 c1016b0:	e2433004 	sub	r3, r3, #4
 c1016b4:	e50b3024 	str	r3, [fp, #-36]	; 0xffffffdc
 c1016b8:	e51b3024 	ldr	r3, [fp, #-36]	; 0xffffffdc
 c1016bc:	e5932000 	ldr	r2, [r3]
 c1016c0:	e51b3010 	ldr	r3, [fp, #-16]
 c1016c4:	e5832000 	str	r2, [r3]
            break;
    }    
        
    asm volatile ( "ldr sp, %0" : "=m" (addrSrc) : : );    // restaura el SP de excepción a su base para desechar su contenido y evitar su desbordamiento     
        
    for( addrDst = (uint32 *)SVCSTACK; addrSrc > (uint32 *)sp; )    // copia el contenido completo de la pila excepción en la pila SVC
 c1016c8:	e51b301c 	ldr	r3, [fp, #-28]	; 0xffffffe4
 c1016cc:	e1a02003 	mov	r2, r3
 c1016d0:	e51b3024 	ldr	r3, [fp, #-36]	; 0xffffffdc
 c1016d4:	e1520003 	cmp	r2, r3
 c1016d8:	3afffff0 	bcc	c1016a0 <sys_recovery+0xc8>
        *(--addrDst) = *(--addrSrc);

    addrDst = (uint32 *)(fp-diffStacks);   // carga el puntero al marco de activación de sys_recovery() en la pila SVC
 c1016dc:	e51b2020 	ldr	r2, [fp, #-32]	; 0xffffffe0
 c1016e0:	e51b3014 	ldr	r3, [fp, #-20]	; 0xffffffec
 c1016e4:	e0633002 	rsb	r3, r3, r2
 c1016e8:	e50b3010 	str	r3, [fp, #-16]
    addrDst--;                             // salta el PC apilado
 c1016ec:	e51b3010 	ldr	r3, [fp, #-16]
 c1016f0:	e2433004 	sub	r3, r3, #4
 c1016f4:	e50b3010 	str	r3, [fp, #-16]
    addrDst--;                             // salta el LR apilado
 c1016f8:	e51b3010 	ldr	r3, [fp, #-16]
 c1016fc:	e2433004 	sub	r3, r3, #4
 c101700:	e50b3010 	str	r3, [fp, #-16]
    *addrDst -= diffStacks;                // actualiza SP apilado para que apunte a la pila SVC
 c101704:	e51b3010 	ldr	r3, [fp, #-16]
 c101708:	e5932000 	ldr	r2, [r3]
 c10170c:	e51b3014 	ldr	r3, [fp, #-20]	; 0xffffffec
 c101710:	e0632002 	rsb	r2, r3, r2
 c101714:	e51b3010 	ldr	r3, [fp, #-16]
 c101718:	e5832000 	str	r2, [r3]
    addrDst--;                             // salta el SP apilado
 c10171c:	e51b3010 	ldr	r3, [fp, #-16]
 c101720:	e2433004 	sub	r3, r3, #4
 c101724:	e50b3010 	str	r3, [fp, #-16]
    *addrDst -= diffStacks;                // actualiza el FP apilado para que apunte a la pila SVC
 c101728:	e51b3010 	ldr	r3, [fp, #-16]
 c10172c:	e5932000 	ldr	r2, [r3]
 c101730:	e51b3014 	ldr	r3, [fp, #-20]	; 0xffffffec
 c101734:	e0632002 	rsb	r2, r3, r2
 c101738:	e51b3010 	ldr	r3, [fp, #-16]
 c10173c:	e5832000 	str	r2, [r3]
    
    addrDst = (uint32 *)(*addrDst);        // carga el puntero al marco de activación de sys_init()
 c101740:	e51b3010 	ldr	r3, [fp, #-16]
 c101744:	e5933000 	ldr	r3, [r3]
 c101748:	e50b3010 	str	r3, [fp, #-16]
    addrDst--;                             // salta el PC apilado
 c10174c:	e51b3010 	ldr	r3, [fp, #-16]
 c101750:	e2433004 	sub	r3, r3, #4
 c101754:	e50b3010 	str	r3, [fp, #-16]
    addrDst--;                             // salta el LR apilado
 c101758:	e51b3010 	ldr	r3, [fp, #-16]
 c10175c:	e2433004 	sub	r3, r3, #4
 c101760:	e50b3010 	str	r3, [fp, #-16]
    *addrDst -= diffStacks;                // actualiza SP apilado para que apunte a la pila SVC
 c101764:	e51b3010 	ldr	r3, [fp, #-16]
 c101768:	e5932000 	ldr	r2, [r3]
 c10176c:	e51b3014 	ldr	r3, [fp, #-20]	; 0xffffffec
 c101770:	e0632002 	rsb	r2, r3, r2
 c101774:	e51b3010 	ldr	r3, [fp, #-16]
 c101778:	e5832000 	str	r2, [r3]
    addrDst--;                             // salta el SP apilado
 c10177c:	e51b3010 	ldr	r3, [fp, #-16]
 c101780:	e2433004 	sub	r3, r3, #4
 c101784:	e50b3010 	str	r3, [fp, #-16]
    *addrDst -= diffStacks;                // actualiza el FP apilado para que apunte a la pila SVC
 c101788:	e51b3010 	ldr	r3, [fp, #-16]
 c10178c:	e5932000 	ldr	r2, [r3]
 c101790:	e51b3014 	ldr	r3, [fp, #-20]	; 0xffffffec
 c101794:	e0632002 	rsb	r2, r3, r2
 c101798:	e51b3010 	ldr	r3, [fp, #-16]
 c10179c:	e5832000 	str	r2, [r3]
   
    SET_OPMODE( SVCMODE );                           // cambia a modo SVC
 c1017a0:	e10f0000 	mrs	r0, CPSR
 c1017a4:	e3c0001f 	bic	r0, r0, #31
 c1017a8:	e3800013 	orr	r0, r0, #19
 c1017ac:	e121f000 	msr	CPSR_c, r0

    sp -= diffStacks;
 c1017b0:	e51b201c 	ldr	r2, [fp, #-28]	; 0xffffffe4
 c1017b4:	e51b3014 	ldr	r3, [fp, #-20]	; 0xffffffec
 c1017b8:	e0633002 	rsb	r3, r3, r2
 c1017bc:	e50b301c 	str	r3, [fp, #-28]	; 0xffffffe4
    asm volatile ( "ldr sp, %0" : : "m" (sp) : );    // actualiza SP_svc para que apunte a la cima de la pila SVC
 c1017c0:	e51bd01c 	ldr	sp, [fp, #-28]	; 0xffffffe4
    
    fp -= diffStacks;                 
 c1017c4:	e51b2020 	ldr	r2, [fp, #-32]	; 0xffffffe0
 c1017c8:	e51b3014 	ldr	r3, [fp, #-20]	; 0xffffffec
 c1017cc:	e0633002 	rsb	r3, r3, r2
 c1017d0:	e50b3020 	str	r3, [fp, #-32]	; 0xffffffe0
    asm volatile ( "ldr fp, %0" : : "m" (fp) : );    // actualiza FP para que apunte al marco de la pila SVC, debe ser siempre la última sentencia
 c1017d4:	e51bb020 	ldr	fp, [fp, #-32]	; 0xffffffe0
}
 c1017d8:	e24bd00c 	sub	sp, fp, #12
 c1017dc:	e89d6800 	ldm	sp, {fp, sp, lr}
 c1017e0:	e12fff1e 	bx	lr
 c1017e4:	0c7ff400 	.word	0x0c7ff400
 c1017e8:	0c7ff500 	.word	0x0c7ff500
 c1017ec:	0c7ff300 	.word	0x0c7ff300
 c1017f0:	0c7ff200 	.word	0x0c7ff200
 c1017f4:	0c7ff100 	.word	0x0c7ff100

0c1017f8 <uart0_init>:

#include <s3c44b0x.h>
#include <uart.h>

void uart0_init( void )
{  
 c1017f8:	e1a0c00d 	mov	ip, sp
 c1017fc:	e92dd800 	push	{fp, ip, lr, pc}
 c101800:	e24cb004 	sub	fp, ip, #4
    UFCON0  = 0x1;	           // FIFOs activadas
 c101804:	e59f3040 	ldr	r3, [pc, #64]	; c10184c <uart0_init+0x54>
 c101808:	e3a02001 	mov	r2, #1
 c10180c:	e5832000 	str	r2, [r3]
    UMCON0  = 0x0;	           // Control de flujo manual
 c101810:	e59f3038 	ldr	r3, [pc, #56]	; c101850 <uart0_init+0x58>
 c101814:	e3a02000 	mov	r2, #0
 c101818:	e5832000 	str	r2, [r3]
	ULCON0  = 0x3;       	   // normal (no infrarojos), sin paridad, 1 bit de stop, 8 bits de datos
 c10181c:	e3a0361d 	mov	r3, #30408704	; 0x1d00000
 c101820:	e3a02003 	mov	r2, #3
 c101824:	e5832000 	str	r2, [r3]
	UBRDIV0 = 0x22;             // 115200 bps asumiendo 64MHz
 c101828:	e59f3024 	ldr	r3, [pc, #36]	; c101854 <uart0_init+0x5c>
 c10182c:	e3a02022 	mov	r2, #34	; 0x22
 c101830:	e5832000 	str	r2, [r3]
    UCON0   = 0x5;             // Tx int/polling, Rx int/polling
 c101834:	e59f301c 	ldr	r3, [pc, #28]	; c101858 <uart0_init+0x60>
 c101838:	e3a02005 	mov	r2, #5
 c10183c:	e5832000 	str	r2, [r3]
}
 c101840:	e24bd00c 	sub	sp, fp, #12
 c101844:	e89d6800 	ldm	sp, {fp, sp, lr}
 c101848:	e12fff1e 	bx	lr
 c10184c:	01d00008 	.word	0x01d00008
 c101850:	01d0000c 	.word	0x01d0000c
 c101854:	01d00028 	.word	0x01d00028
 c101858:	01d00004 	.word	0x01d00004

0c10185c <uart0_putchar>:

void uart0_putchar( char ch )
{
 c10185c:	e1a0c00d 	mov	ip, sp
 c101860:	e92dd800 	push	{fp, ip, lr, pc}
 c101864:	e24cb004 	sub	fp, ip, #4
 c101868:	e24dd008 	sub	sp, sp, #8
 c10186c:	e1a03000 	mov	r3, r0
 c101870:	e54b300d 	strb	r3, [fp, #-13]
    while (UFSTAT0 & (1<<9));
 c101874:	e1a00000 	nop			; (mov r0, r0)
 c101878:	e59f3024 	ldr	r3, [pc, #36]	; c1018a4 <uart0_putchar+0x48>
 c10187c:	e5933000 	ldr	r3, [r3]
 c101880:	e2033c02 	and	r3, r3, #512	; 0x200
 c101884:	e3530000 	cmp	r3, #0
 c101888:	1afffffa 	bne	c101878 <uart0_putchar+0x1c>
    UTXH0 = ch;
 c10188c:	e59f3014 	ldr	r3, [pc, #20]	; c1018a8 <uart0_putchar+0x4c>
 c101890:	e55b200d 	ldrb	r2, [fp, #-13]
 c101894:	e5832000 	str	r2, [r3]
}        
 c101898:	e24bd00c 	sub	sp, fp, #12
 c10189c:	e89d6800 	ldm	sp, {fp, sp, lr}
 c1018a0:	e12fff1e 	bx	lr
 c1018a4:	01d00018 	.word	0x01d00018
 c1018a8:	01d00020 	.word	0x01d00020

0c1018ac <uart0_getchar>:

char uart0_getchar( void )
{
 c1018ac:	e1a0c00d 	mov	ip, sp
 c1018b0:	e92dd800 	push	{fp, ip, lr, pc}
 c1018b4:	e24cb004 	sub	fp, ip, #4
    while( (UFSTAT0 & 0xF) == 0);
 c1018b8:	e1a00000 	nop			; (mov r0, r0)
 c1018bc:	e59f3028 	ldr	r3, [pc, #40]	; c1018ec <uart0_getchar+0x40>
 c1018c0:	e5933000 	ldr	r3, [r3]
 c1018c4:	e203300f 	and	r3, r3, #15
 c1018c8:	e3530000 	cmp	r3, #0
 c1018cc:	0afffffa 	beq	c1018bc <uart0_getchar+0x10>
    return URXH0;
 c1018d0:	e59f3018 	ldr	r3, [pc, #24]	; c1018f0 <uart0_getchar+0x44>
 c1018d4:	e5933000 	ldr	r3, [r3]
 c1018d8:	e20330ff 	and	r3, r3, #255	; 0xff
}
 c1018dc:	e1a00003 	mov	r0, r3
 c1018e0:	e24bd00c 	sub	sp, fp, #12
 c1018e4:	e89d6800 	ldm	sp, {fp, sp, lr}
 c1018e8:	e12fff1e 	bx	lr
 c1018ec:	01d00018 	.word	0x01d00018
 c1018f0:	01d00024 	.word	0x01d00024

0c1018f4 <uart0_puts>:

void uart0_puts( char *s )
{
 c1018f4:	e1a0c00d 	mov	ip, sp
 c1018f8:	e92dd800 	push	{fp, ip, lr, pc}
 c1018fc:	e24cb004 	sub	fp, ip, #4
 c101900:	e24dd010 	sub	sp, sp, #16
 c101904:	e50b0018 	str	r0, [fp, #-24]	; 0xffffffe8
	int i = 0;
 c101908:	e3a03000 	mov	r3, #0
 c10190c:	e50b3010 	str	r3, [fp, #-16]
    while (s[i] != '\0' ) {
 c101910:	ea000008 	b	c101938 <uart0_puts+0x44>
    	uart0_putchar(s[i]);
 c101914:	e51b3010 	ldr	r3, [fp, #-16]
 c101918:	e51b2018 	ldr	r2, [fp, #-24]	; 0xffffffe8
 c10191c:	e0823003 	add	r3, r2, r3
 c101920:	e5d33000 	ldrb	r3, [r3]
 c101924:	e1a00003 	mov	r0, r3
 c101928:	ebffffcb 	bl	c10185c <uart0_putchar>
    	i++;
 c10192c:	e51b3010 	ldr	r3, [fp, #-16]
 c101930:	e2833001 	add	r3, r3, #1
 c101934:	e50b3010 	str	r3, [fp, #-16]
}

void uart0_puts( char *s )
{
	int i = 0;
    while (s[i] != '\0' ) {
 c101938:	e51b3010 	ldr	r3, [fp, #-16]
 c10193c:	e51b2018 	ldr	r2, [fp, #-24]	; 0xffffffe8
 c101940:	e0823003 	add	r3, r2, r3
 c101944:	e5d33000 	ldrb	r3, [r3]
 c101948:	e3530000 	cmp	r3, #0
 c10194c:	1afffff0 	bne	c101914 <uart0_puts+0x20>
    	uart0_putchar(s[i]);
    	i++;
    }
}
 c101950:	e24bd00c 	sub	sp, fp, #12
 c101954:	e89d6800 	ldm	sp, {fp, sp, lr}
 c101958:	e12fff1e 	bx	lr

0c10195c <uart0_gets>:

void uart0_gets( char *s )
{
 c10195c:	e1a0c00d 	mov	ip, sp
 c101960:	e92dd800 	push	{fp, ip, lr, pc}
 c101964:	e24cb004 	sub	fp, ip, #4
 c101968:	e24dd010 	sub	sp, sp, #16
 c10196c:	e50b0018 	str	r0, [fp, #-24]	; 0xffffffe8
	int i = 0;
 c101970:	e3a03000 	mov	r3, #0
 c101974:	e50b3010 	str	r3, [fp, #-16]
	char valor;

	while ((valor = uart0_getchar()) != '\n' ) {
 c101978:	ea000007 	b	c10199c <uart0_gets+0x40>
		s[i] = valor;
 c10197c:	e51b3010 	ldr	r3, [fp, #-16]
 c101980:	e51b2018 	ldr	r2, [fp, #-24]	; 0xffffffe8
 c101984:	e0823003 	add	r3, r2, r3
 c101988:	e55b2011 	ldrb	r2, [fp, #-17]	; 0xffffffef
 c10198c:	e5c32000 	strb	r2, [r3]
		i++;
 c101990:	e51b3010 	ldr	r3, [fp, #-16]
 c101994:	e2833001 	add	r3, r3, #1
 c101998:	e50b3010 	str	r3, [fp, #-16]
void uart0_gets( char *s )
{
	int i = 0;
	char valor;

	while ((valor = uart0_getchar()) != '\n' ) {
 c10199c:	ebffffc2 	bl	c1018ac <uart0_getchar>
 c1019a0:	e1a03000 	mov	r3, r0
 c1019a4:	e54b3011 	strb	r3, [fp, #-17]	; 0xffffffef
 c1019a8:	e55b3011 	ldrb	r3, [fp, #-17]	; 0xffffffef
 c1019ac:	e353000a 	cmp	r3, #10
 c1019b0:	1afffff1 	bne	c10197c <uart0_gets+0x20>
		s[i] = valor;
		i++;
	}
	s[i] = '\0';
 c1019b4:	e51b3010 	ldr	r3, [fp, #-16]
 c1019b8:	e51b2018 	ldr	r2, [fp, #-24]	; 0xffffffe8
 c1019bc:	e0823003 	add	r3, r2, r3
 c1019c0:	e3a02000 	mov	r2, #0
 c1019c4:	e5c32000 	strb	r2, [r3]
}
 c1019c8:	e24bd00c 	sub	sp, fp, #12
 c1019cc:	e89d6800 	ldm	sp, {fp, sp, lr}
 c1019d0:	e12fff1e 	bx	lr

0c1019d4 <uart0_putint>:

void uart0_putint( int32 i )
{
 c1019d4:	e1a0c00d 	mov	ip, sp
 c1019d8:	e92dd800 	push	{fp, ip, lr, pc}
 c1019dc:	e24cb004 	sub	fp, ip, #4
 c1019e0:	e24dd020 	sub	sp, sp, #32
 c1019e4:	e50b0028 	str	r0, [fp, #-40]	; 0xffffffd8
	char buf[10 + 2];
	char *p = buf + 10 + 1;
 c1019e8:	e24b3020 	sub	r3, fp, #32
 c1019ec:	e283300b 	add	r3, r3, #11
 c1019f0:	e50b3010 	str	r3, [fp, #-16]
	int negativo = (i < 0);
 c1019f4:	e51b3028 	ldr	r3, [fp, #-40]	; 0xffffffd8
 c1019f8:	e1a03fa3 	lsr	r3, r3, #31
 c1019fc:	e50b3014 	str	r3, [fp, #-20]	; 0xffffffec
	if (negativo) {
 c101a00:	e51b3014 	ldr	r3, [fp, #-20]	; 0xffffffec
 c101a04:	e3530000 	cmp	r3, #0
 c101a08:	0a000002 	beq	c101a18 <uart0_putint+0x44>
		i = -i;
 c101a0c:	e51b3028 	ldr	r3, [fp, #-40]	; 0xffffffd8
 c101a10:	e2633000 	rsb	r3, r3, #0
 c101a14:	e50b3028 	str	r3, [fp, #-40]	; 0xffffffd8
	}

	*p = '\0';
 c101a18:	e51b3010 	ldr	r3, [fp, #-16]
 c101a1c:	e3a02000 	mov	r2, #0
 c101a20:	e5c32000 	strb	r2, [r3]
	p--;
 c101a24:	e51b3010 	ldr	r3, [fp, #-16]
 c101a28:	e2433001 	sub	r3, r3, #1
 c101a2c:	e50b3010 	str	r3, [fp, #-16]
	if(i == 0) {
 c101a30:	e51b3028 	ldr	r3, [fp, #-40]	; 0xffffffd8
 c101a34:	e3530000 	cmp	r3, #0
 c101a38:	1a000020 	bne	c101ac0 <uart0_putint+0xec>
		*p = '0';
 c101a3c:	e51b3010 	ldr	r3, [fp, #-16]
 c101a40:	e3a02030 	mov	r2, #48	; 0x30
 c101a44:	e5c32000 	strb	r2, [r3]
		p--;
 c101a48:	e51b3010 	ldr	r3, [fp, #-16]
 c101a4c:	e2433001 	sub	r3, r3, #1
 c101a50:	e50b3010 	str	r3, [fp, #-16]
	}
	while(i != 0) {
 c101a54:	ea000019 	b	c101ac0 <uart0_putint+0xec>
		*p = (i%10) + '0';
 c101a58:	e51b1028 	ldr	r1, [fp, #-40]	; 0xffffffd8
 c101a5c:	e59f30a4 	ldr	r3, [pc, #164]	; c101b08 <uart0_putint+0x134>
 c101a60:	e0c32391 	smull	r2, r3, r1, r3
 c101a64:	e1a02143 	asr	r2, r3, #2
 c101a68:	e1a03fc1 	asr	r3, r1, #31
 c101a6c:	e0632002 	rsb	r2, r3, r2
 c101a70:	e1a03002 	mov	r3, r2
 c101a74:	e1a03103 	lsl	r3, r3, #2
 c101a78:	e0833002 	add	r3, r3, r2
 c101a7c:	e1a03083 	lsl	r3, r3, #1
 c101a80:	e0632001 	rsb	r2, r3, r1
 c101a84:	e20230ff 	and	r3, r2, #255	; 0xff
 c101a88:	e2833030 	add	r3, r3, #48	; 0x30
 c101a8c:	e20320ff 	and	r2, r3, #255	; 0xff
 c101a90:	e51b3010 	ldr	r3, [fp, #-16]
 c101a94:	e5c32000 	strb	r2, [r3]
		i = i/10;
 c101a98:	e51b3028 	ldr	r3, [fp, #-40]	; 0xffffffd8
 c101a9c:	e59f2064 	ldr	r2, [pc, #100]	; c101b08 <uart0_putint+0x134>
 c101aa0:	e0c21293 	smull	r1, r2, r3, r2
 c101aa4:	e1a02142 	asr	r2, r2, #2
 c101aa8:	e1a03fc3 	asr	r3, r3, #31
 c101aac:	e0633002 	rsb	r3, r3, r2
 c101ab0:	e50b3028 	str	r3, [fp, #-40]	; 0xffffffd8
		p--;
 c101ab4:	e51b3010 	ldr	r3, [fp, #-16]
 c101ab8:	e2433001 	sub	r3, r3, #1
 c101abc:	e50b3010 	str	r3, [fp, #-16]
	p--;
	if(i == 0) {
		*p = '0';
		p--;
	}
	while(i != 0) {
 c101ac0:	e51b3028 	ldr	r3, [fp, #-40]	; 0xffffffd8
 c101ac4:	e3530000 	cmp	r3, #0
 c101ac8:	1affffe2 	bne	c101a58 <uart0_putint+0x84>
		*p = (i%10) + '0';
		i = i/10;
		p--;
	}

	if( !negativo ) {
 c101acc:	e51b3014 	ldr	r3, [fp, #-20]	; 0xffffffec
 c101ad0:	e3530000 	cmp	r3, #0
 c101ad4:	1a000003 	bne	c101ae8 <uart0_putint+0x114>
		p++;
 c101ad8:	e51b3010 	ldr	r3, [fp, #-16]
 c101adc:	e2833001 	add	r3, r3, #1
 c101ae0:	e50b3010 	str	r3, [fp, #-16]
 c101ae4:	ea000002 	b	c101af4 <uart0_putint+0x120>
	}
	else {
		*p = '-';
 c101ae8:	e51b3010 	ldr	r3, [fp, #-16]
 c101aec:	e3a0202d 	mov	r2, #45	; 0x2d
 c101af0:	e5c32000 	strb	r2, [r3]
	}

	uart0_puts( p );
 c101af4:	e51b0010 	ldr	r0, [fp, #-16]
 c101af8:	ebffff7d 	bl	c1018f4 <uart0_puts>
}
 c101afc:	e24bd00c 	sub	sp, fp, #12
 c101b00:	e89d6800 	ldm	sp, {fp, sp, lr}
 c101b04:	e12fff1e 	bx	lr
 c101b08:	66666667 	.word	0x66666667

0c101b0c <uart0_puthex>:

void uart0_puthex( uint32 i )
{
 c101b0c:	e1a0c00d 	mov	ip, sp
 c101b10:	e92dd800 	push	{fp, ip, lr, pc}
 c101b14:	e24cb004 	sub	fp, ip, #4
 c101b18:	e24dd018 	sub	sp, sp, #24
 c101b1c:	e50b0020 	str	r0, [fp, #-32]	; 0xffffffe0
    char buf[8 + 1];
    char *p = buf + 8;
 c101b20:	e24b301c 	sub	r3, fp, #28
 c101b24:	e2833008 	add	r3, r3, #8
 c101b28:	e50b3010 	str	r3, [fp, #-16]
    uint8 c;

    *p = '\0';
 c101b2c:	e51b3010 	ldr	r3, [fp, #-16]
 c101b30:	e3a02000 	mov	r2, #0
 c101b34:	e5c32000 	strb	r2, [r3]

    do {
        c = i & 0xf;
 c101b38:	e51b3020 	ldr	r3, [fp, #-32]	; 0xffffffe0
 c101b3c:	e20330ff 	and	r3, r3, #255	; 0xff
 c101b40:	e203300f 	and	r3, r3, #15
 c101b44:	e54b3011 	strb	r3, [fp, #-17]	; 0xffffffef
        if( c < 10 )
 c101b48:	e55b3011 	ldrb	r3, [fp, #-17]	; 0xffffffef
 c101b4c:	e3530009 	cmp	r3, #9
 c101b50:	8a000008 	bhi	c101b78 <uart0_puthex+0x6c>
            *--p = '0' + c;
 c101b54:	e51b3010 	ldr	r3, [fp, #-16]
 c101b58:	e2433001 	sub	r3, r3, #1
 c101b5c:	e50b3010 	str	r3, [fp, #-16]
 c101b60:	e55b3011 	ldrb	r3, [fp, #-17]	; 0xffffffef
 c101b64:	e2833030 	add	r3, r3, #48	; 0x30
 c101b68:	e20320ff 	and	r2, r3, #255	; 0xff
 c101b6c:	e51b3010 	ldr	r3, [fp, #-16]
 c101b70:	e5c32000 	strb	r2, [r3]
 c101b74:	ea000007 	b	c101b98 <uart0_puthex+0x8c>
        else
            *--p = 'a' + c - 10;
 c101b78:	e51b3010 	ldr	r3, [fp, #-16]
 c101b7c:	e2433001 	sub	r3, r3, #1
 c101b80:	e50b3010 	str	r3, [fp, #-16]
 c101b84:	e55b3011 	ldrb	r3, [fp, #-17]	; 0xffffffef
 c101b88:	e2833057 	add	r3, r3, #87	; 0x57
 c101b8c:	e20320ff 	and	r2, r3, #255	; 0xff
 c101b90:	e51b3010 	ldr	r3, [fp, #-16]
 c101b94:	e5c32000 	strb	r2, [r3]
        i = i >> 4;
 c101b98:	e51b3020 	ldr	r3, [fp, #-32]	; 0xffffffe0
 c101b9c:	e1a03223 	lsr	r3, r3, #4
 c101ba0:	e50b3020 	str	r3, [fp, #-32]	; 0xffffffe0
    } while( i );
 c101ba4:	e51b3020 	ldr	r3, [fp, #-32]	; 0xffffffe0
 c101ba8:	e3530000 	cmp	r3, #0
 c101bac:	1affffe1 	bne	c101b38 <uart0_puthex+0x2c>

    uart0_puts( p );
 c101bb0:	e51b0010 	ldr	r0, [fp, #-16]
 c101bb4:	ebffff4e 	bl	c1018f4 <uart0_puts>
}
 c101bb8:	e24bd00c 	sub	sp, fp, #12
 c101bbc:	e89d6800 	ldm	sp, {fp, sp, lr}
 c101bc0:	e12fff1e 	bx	lr

0c101bc4 <uart0_getint>:

int32 uart0_getint( void )
{
 c101bc4:	e1a0c00d 	mov	ip, sp
 c101bc8:	e92dd800 	push	{fp, ip, lr, pc}
 c101bcc:	e24cb004 	sub	fp, ip, #4
 c101bd0:	e24dde11 	sub	sp, sp, #272	; 0x110
	char s[256];
	char *p = s;
 c101bd4:	e24b3f46 	sub	r3, fp, #280	; 0x118
 c101bd8:	e50b3010 	str	r3, [fp, #-16]
	int32 acc = 0;
 c101bdc:	e3a03000 	mov	r3, #0
 c101be0:	e50b3014 	str	r3, [fp, #-20]	; 0xffffffec
	boolean neg = FALSE;
 c101be4:	e3a03000 	mov	r3, #0
 c101be8:	e54b3015 	strb	r3, [fp, #-21]	; 0xffffffeb

	uart0_gets( s );
 c101bec:	e24b3f46 	sub	r3, fp, #280	; 0x118
 c101bf0:	e1a00003 	mov	r0, r3
 c101bf4:	ebffff58 	bl	c10195c <uart0_gets>

	if( *p == '-' )
 c101bf8:	e51b3010 	ldr	r3, [fp, #-16]
 c101bfc:	e5d33000 	ldrb	r3, [r3]
 c101c00:	e353002d 	cmp	r3, #45	; 0x2d
 c101c04:	1a000015 	bne	c101c60 <uart0_getint+0x9c>
	{
		neg = TRUE;
 c101c08:	e3a03001 	mov	r3, #1
 c101c0c:	e54b3015 	strb	r3, [fp, #-21]	; 0xffffffeb
		p++;
 c101c10:	e51b3010 	ldr	r3, [fp, #-16]
 c101c14:	e2833001 	add	r3, r3, #1
 c101c18:	e50b3010 	str	r3, [fp, #-16]
	}
	while( *p != '\0') {
 c101c1c:	ea000010 	b	c101c64 <uart0_getint+0xa0>
		acc *= 10;
 c101c20:	e51b2014 	ldr	r2, [fp, #-20]	; 0xffffffec
 c101c24:	e1a03002 	mov	r3, r2
 c101c28:	e1a03103 	lsl	r3, r3, #2
 c101c2c:	e0833002 	add	r3, r3, r2
 c101c30:	e1a03083 	lsl	r3, r3, #1
 c101c34:	e50b3014 	str	r3, [fp, #-20]	; 0xffffffec
		acc += (*p - '0');
 c101c38:	e51b3010 	ldr	r3, [fp, #-16]
 c101c3c:	e5d33000 	ldrb	r3, [r3]
 c101c40:	e2433030 	sub	r3, r3, #48	; 0x30
 c101c44:	e51b2014 	ldr	r2, [fp, #-20]	; 0xffffffec
 c101c48:	e0823003 	add	r3, r2, r3
 c101c4c:	e50b3014 	str	r3, [fp, #-20]	; 0xffffffec
		p++;
 c101c50:	e51b3010 	ldr	r3, [fp, #-16]
 c101c54:	e2833001 	add	r3, r3, #1
 c101c58:	e50b3010 	str	r3, [fp, #-16]
 c101c5c:	ea000000 	b	c101c64 <uart0_getint+0xa0>
	if( *p == '-' )
	{
		neg = TRUE;
		p++;
	}
	while( *p != '\0') {
 c101c60:	e1a00000 	nop			; (mov r0, r0)
 c101c64:	e51b3010 	ldr	r3, [fp, #-16]
 c101c68:	e5d33000 	ldrb	r3, [r3]
 c101c6c:	e3530000 	cmp	r3, #0
 c101c70:	1affffea 	bne	c101c20 <uart0_getint+0x5c>
		acc *= 10;
		acc += (*p - '0');
		p++;
    }
	if( neg )
 c101c74:	e55b3015 	ldrb	r3, [fp, #-21]	; 0xffffffeb
 c101c78:	e3530000 	cmp	r3, #0
 c101c7c:	0a000002 	beq	c101c8c <uart0_getint+0xc8>
		acc = -acc;
 c101c80:	e51b3014 	ldr	r3, [fp, #-20]	; 0xffffffec
 c101c84:	e2633000 	rsb	r3, r3, #0
 c101c88:	e50b3014 	str	r3, [fp, #-20]	; 0xffffffec
	return acc;
 c101c8c:	e51b3014 	ldr	r3, [fp, #-20]	; 0xffffffec
}
 c101c90:	e1a00003 	mov	r0, r3
 c101c94:	e24bd00c 	sub	sp, fp, #12
 c101c98:	e89d6800 	ldm	sp, {fp, sp, lr}
 c101c9c:	e12fff1e 	bx	lr

0c101ca0 <uart0_gethex>:

uint32 uart0_gethex( void )
{
 c101ca0:	e1a0c00d 	mov	ip, sp
 c101ca4:	e92dd800 	push	{fp, ip, lr, pc}
 c101ca8:	e24cb004 	sub	fp, ip, #4
 c101cac:	e24ddf42 	sub	sp, sp, #264	; 0x108
	char s[256];
	char *p = s;
 c101cb0:	e24b3f45 	sub	r3, fp, #276	; 0x114
 c101cb4:	e50b3010 	str	r3, [fp, #-16]
	uint32 acc = 0;
 c101cb8:	e3a03000 	mov	r3, #0
 c101cbc:	e50b3014 	str	r3, [fp, #-20]	; 0xffffffec

	uart0_gets( s );
 c101cc0:	e24b3f45 	sub	r3, fp, #276	; 0x114
 c101cc4:	e1a00003 	mov	r0, r3
 c101cc8:	ebffff23 	bl	c10195c <uart0_gets>

	while( *p )
 c101ccc:	ea00002f 	b	c101d90 <uart0_gethex+0xf0>
		if( *p >= 'A' && *p <= 'F'  )
 c101cd0:	e51b3010 	ldr	r3, [fp, #-16]
 c101cd4:	e5d33000 	ldrb	r3, [r3]
 c101cd8:	e3530040 	cmp	r3, #64	; 0x40
 c101cdc:	9a00000e 	bls	c101d1c <uart0_gethex+0x7c>
 c101ce0:	e51b3010 	ldr	r3, [fp, #-16]
 c101ce4:	e5d33000 	ldrb	r3, [r3]
 c101ce8:	e3530046 	cmp	r3, #70	; 0x46
 c101cec:	8a00000a 	bhi	c101d1c <uart0_gethex+0x7c>
			acc = (acc<<4) + ((*p++) - 'A' + 10);
 c101cf0:	e51b3014 	ldr	r3, [fp, #-20]	; 0xffffffec
 c101cf4:	e1a02203 	lsl	r2, r3, #4
 c101cf8:	e51b3010 	ldr	r3, [fp, #-16]
 c101cfc:	e5d33000 	ldrb	r3, [r3]
 c101d00:	e0823003 	add	r3, r2, r3
 c101d04:	e2433037 	sub	r3, r3, #55	; 0x37
 c101d08:	e50b3014 	str	r3, [fp, #-20]	; 0xffffffec
 c101d0c:	e51b3010 	ldr	r3, [fp, #-16]
 c101d10:	e2833001 	add	r3, r3, #1
 c101d14:	e50b3010 	str	r3, [fp, #-16]
 c101d18:	ea00001c 	b	c101d90 <uart0_gethex+0xf0>
		else if( *p >= 'a' && *p <= 'f'  )
 c101d1c:	e51b3010 	ldr	r3, [fp, #-16]
 c101d20:	e5d33000 	ldrb	r3, [r3]
 c101d24:	e3530060 	cmp	r3, #96	; 0x60
 c101d28:	9a00000e 	bls	c101d68 <uart0_gethex+0xc8>
 c101d2c:	e51b3010 	ldr	r3, [fp, #-16]
 c101d30:	e5d33000 	ldrb	r3, [r3]
 c101d34:	e3530066 	cmp	r3, #102	; 0x66
 c101d38:	8a00000a 	bhi	c101d68 <uart0_gethex+0xc8>
			acc = (acc<<4) + ((*p++) - 'a' + 10);
 c101d3c:	e51b3014 	ldr	r3, [fp, #-20]	; 0xffffffec
 c101d40:	e1a02203 	lsl	r2, r3, #4
 c101d44:	e51b3010 	ldr	r3, [fp, #-16]
 c101d48:	e5d33000 	ldrb	r3, [r3]
 c101d4c:	e0823003 	add	r3, r2, r3
 c101d50:	e2433057 	sub	r3, r3, #87	; 0x57
 c101d54:	e50b3014 	str	r3, [fp, #-20]	; 0xffffffec
 c101d58:	e51b3010 	ldr	r3, [fp, #-16]
 c101d5c:	e2833001 	add	r3, r3, #1
 c101d60:	e50b3010 	str	r3, [fp, #-16]
 c101d64:	ea000009 	b	c101d90 <uart0_gethex+0xf0>
		else
			acc = (acc<<4) + ((*p++) - '0');
 c101d68:	e51b3014 	ldr	r3, [fp, #-20]	; 0xffffffec
 c101d6c:	e1a02203 	lsl	r2, r3, #4
 c101d70:	e51b3010 	ldr	r3, [fp, #-16]
 c101d74:	e5d33000 	ldrb	r3, [r3]
 c101d78:	e0823003 	add	r3, r2, r3
 c101d7c:	e2433030 	sub	r3, r3, #48	; 0x30
 c101d80:	e50b3014 	str	r3, [fp, #-20]	; 0xffffffec
 c101d84:	e51b3010 	ldr	r3, [fp, #-16]
 c101d88:	e2833001 	add	r3, r3, #1
 c101d8c:	e50b3010 	str	r3, [fp, #-16]
	char *p = s;
	uint32 acc = 0;

	uart0_gets( s );

	while( *p )
 c101d90:	e51b3010 	ldr	r3, [fp, #-16]
 c101d94:	e5d33000 	ldrb	r3, [r3]
 c101d98:	e3530000 	cmp	r3, #0
 c101d9c:	1affffcb 	bne	c101cd0 <uart0_gethex+0x30>
		else if( *p >= 'a' && *p <= 'f'  )
			acc = (acc<<4) + ((*p++) - 'a' + 10);
		else
			acc = (acc<<4) + ((*p++) - '0');

	return acc;
 c101da0:	e51b3014 	ldr	r3, [fp, #-20]	; 0xffffffec
}
 c101da4:	e1a00003 	mov	r0, r3
 c101da8:	e24bd00c 	sub	sp, fp, #12
 c101dac:	e89d6800 	ldm	sp, {fp, sp, lr}
 c101db0:	e12fff1e 	bx	lr

0c101db4 <segs_init>:
static const uint8 hex2segs[16] = {0x12, 0x9F, 0x31, 0x15,0x9C, 0x54, 0x50, 0x1F, 0x10, 0x14, 0x18, 0xD0, 0x72, 0x91, 0x70, 0x78 };

static uint8 state;
        
void segs_init( void )
{
 c101db4:	e1a0c00d 	mov	ip, sp
 c101db8:	e92dd800 	push	{fp, ip, lr, pc}
 c101dbc:	e24cb004 	sub	fp, ip, #4
    segs_off();
 c101dc0:	eb000002 	bl	c101dd0 <segs_off>
}                                  
 c101dc4:	e24bd00c 	sub	sp, fp, #12
 c101dc8:	e89d6800 	ldm	sp, {fp, sp, lr}
 c101dcc:	e12fff1e 	bx	lr

0c101dd0 <segs_off>:
                          
void segs_off( void )
{
 c101dd0:	e1a0c00d 	mov	ip, sp
 c101dd4:	e92dd800 	push	{fp, ip, lr, pc}
 c101dd8:	e24cb004 	sub	fp, ip, #4
    state = SEGS_OFF;
 c101ddc:	e59f3020 	ldr	r3, [pc, #32]	; c101e04 <segs_off+0x34>
 c101de0:	e3e02000 	mvn	r2, #0
 c101de4:	e5c32000 	strb	r2, [r3]
    SEGS = state;
 c101de8:	e3a03785 	mov	r3, #34865152	; 0x2140000
 c101dec:	e59f2010 	ldr	r2, [pc, #16]	; c101e04 <segs_off+0x34>
 c101df0:	e5d22000 	ldrb	r2, [r2]
 c101df4:	e5c32000 	strb	r2, [r3]
}
 c101df8:	e24bd00c 	sub	sp, fp, #12
 c101dfc:	e89d6800 	ldm	sp, {fp, sp, lr}
 c101e00:	e12fff1e 	bx	lr
 c101e04:	0c101f54 	.word	0x0c101f54

0c101e08 <segs_putchar>:

void segs_putchar( uint8 n )
{
 c101e08:	e1a0c00d 	mov	ip, sp
 c101e0c:	e92dd800 	push	{fp, ip, lr, pc}
 c101e10:	e24cb004 	sub	fp, ip, #4
 c101e14:	e24dd008 	sub	sp, sp, #8
 c101e18:	e1a03000 	mov	r3, r0
 c101e1c:	e54b300d 	strb	r3, [fp, #-13]
    state = n & 0x0f;
 c101e20:	e55b300d 	ldrb	r3, [fp, #-13]
 c101e24:	e203300f 	and	r3, r3, #15
 c101e28:	e20320ff 	and	r2, r3, #255	; 0xff
 c101e2c:	e59f3024 	ldr	r3, [pc, #36]	; c101e58 <segs_putchar+0x50>
 c101e30:	e5c32000 	strb	r2, [r3]
    SEGS = hex2segs[state];
 c101e34:	e3a03785 	mov	r3, #34865152	; 0x2140000
 c101e38:	e59f2018 	ldr	r2, [pc, #24]	; c101e58 <segs_putchar+0x50>
 c101e3c:	e5d22000 	ldrb	r2, [r2]
 c101e40:	e59f1014 	ldr	r1, [pc, #20]	; c101e5c <segs_putchar+0x54>
 c101e44:	e7d12002 	ldrb	r2, [r1, r2]
 c101e48:	e5c32000 	strb	r2, [r3]
};
 c101e4c:	e24bd00c 	sub	sp, fp, #12
 c101e50:	e89d6800 	ldm	sp, {fp, sp, lr}
 c101e54:	e12fff1e 	bx	lr
 c101e58:	0c101f54 	.word	0x0c101f54
 c101e5c:	0c101f44 	.word	0x0c101f44

0c101e60 <segs_status>:

uint8 segs_status( void )
{
 c101e60:	e1a0c00d 	mov	ip, sp
 c101e64:	e92dd800 	push	{fp, ip, lr, pc}
 c101e68:	e24cb004 	sub	fp, ip, #4
    return state;
 c101e6c:	e59f3010 	ldr	r3, [pc, #16]	; c101e84 <segs_status+0x24>
 c101e70:	e5d33000 	ldrb	r3, [r3]
};
 c101e74:	e1a00003 	mov	r0, r3
 c101e78:	e24bd00c 	sub	sp, fp, #12
 c101e7c:	e89d6800 	ldm	sp, {fp, sp, lr}
 c101e80:	e12fff1e 	bx	lr
 c101e84:	0c101f54 	.word	0x0c101f54
